0.006675854,0.020754431,0.00294613,0.004376375,0.005617992,0.005926361,0.077253842,0.014981554,0.019592091,0.01296818,0.042753214,0.006626929,0.001867414,0.002435207,0.012278955,0.011049836,0.003597126,0.020666637,0.010869672,0.011527505
0.008573708,0.003776643,0.005343964,0.004357305,0.006978395,0.015634043,-0.000770713,-0.009337136,0.006296872,0.010748347,-0.010743165,0.00296785,0.004467617,0.00658011,0.000717618,-0.002200221,0.021315194,0.004535155,0.014311514,0.017045867
0.000775795,0.001614205,0.02283275,0.004338402,0,-0.000277047,-0.021037005,0.008593365,0.001045635,0.001232792,0.02225281,0.027923892,-0.001115034,0.020837646,0.017775086,-0.006629859,0,0.021634563,0,0.008415197
0.016344946,-0.007013787,0.009049836,0.008620743,0.015183176,0.001107727,-0.021489088,-0.004848042,0.013641967,-0.005766079,0.008764298,-0.007714599,-0.008215132,-0.017047805,0.025740552,0.006629859,0.008748962,0.005886698,0.021090413,0.002789402
-0.001145038,-0.0141769,-0.014375534,0.004282662,0.037638851,0.010736511,-0.002416433,0,-0.015136066,0.006176672,0.095627439,0.000322633,-0.020838034,0.000687522,-0.004819286,0.006586193,-0.006993035,-0.014782235,-0.006980831,-0.005586607
-0.010943759,0.005476465,0.056108137,-0.004282662,0.013106348,-0.007420674,0.020355921,0.002613405,-0.002395211,0.013455861,0.095238084,0,0.005345564,0.035778369,-0.006925235,-0.002190581,-0.012356733,-0.009726975,-0.007029906,-0.014104606
-0.007168489,-0.010431058,-0.001943635,0.004282662,-0.01442648,-0.022034081,-0.021970127,-0.000372926,-0.029816629,-0.012225091,0.04096618,-0.025152396,0.00758729,0.057029464,0.008993488,-0.01102547,-0.005342844,0.005997019,0.012270093,0.002836881
-0.003506042,-0.002209946,0.01141322,0.016949558,0.045198138,-0.005372556,0.020784121,0.015911529,0.01029274,0.028694634,0.014428282,0.010529877,0.000755572,-0.002822646,0.000688468,-0.006674107,0.007117468,0,0.018982451,0.008462674
0.001364922,-0.004434597,-0.00617405,0,0.023706662,-0.002839298,0.036508909,-0.023775265,-0.012766458,0.00595831,0.032877835,-0.000654879,-0.004921456,0.004387346,0.007542031,0,-0.007117468,-0.007501911,0.001707942,-0.002812941
-0.017097793,-0.027028672,-0.028862316,0.016667052,-0.040257008,-0.032069771,-0.058505397,-0.024739606,-0.031289401,-0.030153038,-0.068285908,-0.017512425,-0.039478811,-0.063913326,-0.013063094,0.006674107,-0.027150989,-0.032137425,-0.032960486,0.005617992
0.002375768,0.009090972,0.021188277,0.008230499,0.053729349,0.005270876,-0.020425547,0.007677581,0.007161644,0.003666739,-0.012802451,0.008298803,0.014112347,0.011928571,0.01169604,-0.017897569,-0.003676475,0.005428474,0.027827883,0
0.015306421,-0.002832061,0.024561793,0.004089985,0.013293247,-0.005858248,-0.003721319,0.019690148,-0.013570896,0.004463387,-0.007183939,-0.008632192,0.015833503,0.011787956,-0.005486982,0,-0.001843318,0.004629638,-0.012079526,-0.008438869
0.009304196,0.009596461,-0.008600149,-0.012320484,-0.004813487,0.002933414,0.035005609,-0.003380285,0.017369571,0.0104713,0.044420415,0.000999833,0.011428696,-0.0104713,-0.002754823,-0.004524895,0.003683245,0.009195467,-0.00173762,0.016807118
-0.0122296,-0.028491956,-0.016449331,-0.025105921,-0.021952101,-0.02641495,-0.038740828,-0.002637033,-0.033574754,-0.020644328,-0.067762102,0.037913037,0.000757289,-0.033107856,-0.004146516,-0.041672696,-0.020427823,-0.02081,-0.030011078,-0.031032109
0.00487093,0.002886005,0.003506042,0.008438869,0.00981603,0.005099756,0.018129874,0,0.024369801,0.01340666,0.050370359,0.044842126,0.010167664,-0.001361007,0.013072082,0.00471699,0.001874415,0.016222836,0.008920666,0.014224991
0.011017798,0.013738052,-0.009867698,0.01252626,0.030068411,0.018969152,0.038450872,0.011998644,0.017856206,0.019185241,0.027683429,-0.01576296,-0.00262615,0.01587603,0.00545332,0.014018921,-0.00375235,0.033160536,0.014109582,0.008438869
-0.008882082,0.003971636,-0.000982318,-0.008333382,-0.003560835,-0.007662873,0.029806735,-0.015777938,-0.009441455,-0.006354271,-0.00273411,-0.008446789,-0.00150376,-0.010104498,0.008798703,-0.002322881,0.001877935,-0.013433038,0.010453057,-0.002805051
-0.008766005,0.007334307,0.011044436,0.028867984,0.0059277,-0.009213916,-0.00842594,0.001891432,-0.004913236,0.019333804,0.010891871,-0.012328274,-0.020525236,0.010104498,0.018030539,-0.00232829,-0.003759403,-0.002256488,0.001731602,0.008391658
0.00078232,0.003927074,-0.008786545,-0.004073325,0.038265538,0.001193674,0.013371737,0.001887862,0.011217433,0.011268819,-0.056401999,0.02512695,0.003832891,-0.0023486,0.000661594,0.00232829,0,0.008249016,0.008613318,0.002781643
0.002343293,-0.003927074,0.002937435,-0.004089985,-0.002277905,0.000894321,-0.023422073,0.004140793,-0.008203233,0.00501061,0.002146691,-0.003417745,0.000764818,0.010691716,-0.003976148,0.009259325,-0.001885015,-0.005241495,0.003424661,-0.005571045
0.095363373,-0.005071862,0.007500157,0.012220111,-0.001140901,0.033692948,0.055170771,0.040491361,-0.014841093,0.011468016,0.010664872,0.002176279,0.014044642,0.027856955,0.002652521,0.002301497,-0.001888575,0.002998503,0.015267472,0.005571045
-0.004620588,0,-0.009261582,0.016064603,-0.01611082,-0.006648384,-0.02155416,0.023530497,-0.001447993,0.005685064,-0.034535806,-0.00810731,0.020888488,-0.008764867,-0.001988731,-0.006920443,0.003773589,0.002242992,-0.005063302,0.008298803
-0.012006237,-0.014224991,-0.020582559,0.061795719,-0.018735911,-0.019918643,-0.018961509,-0.013123082,0.006739435,0.035273752,0.004382768,-0.019921607,-0.009643992,-0.022420985,-0.017403384,-0.00464038,-0.007561473,-0.011265609,-0.013628831,-0.011080446
0.014852201,-0.026126305,0.0141959,-0.018904155,-0.0059277,-0.003853569,0.024206931,-0.005728623,-0.021335867,0.007632238,0.021630259,-0.004481442,0.016266532,-0.009716947,-0.014966266,-0.004662013,-0.015296665,-0.011393971,0.027074412,-0.011204599
-0.02591005,0.007034027,-0.007519576,0.011385322,0.004744967,-0.010149341,-0.004869835,0,-0.001798709,-0.022703282,0.009229742,0.005758173,0.02104577,-0.021440331,0.000685166,0.004662013,0.001924928,-0.008438869,-0.005020931,0
0.021994757,-0.0194639,0.001885202,0,0.010594566,0.007770511,-0.037494828,-0.010104741,0.009772065,-0.000370439,-0.024321657,0.011417821,-0.010830431,-0.057340547,0.0142811,0.027524673,0,0.027357329,-0.005046268,0.005617992
-0.004467883,-0.001788376,-0.011766015,-0.034552382,-0.004694844,-0.014091074,-0.068575248,0.003259101,-0.000162088,0.007014982,-0.043662133,0.005346765,-0.015731073,-0.018753997,-0.014966266,-0.022884294,-0.001924928,-0.015106027,-0.005071862,0.00836825
0.008383176,0.008910068,-0.035528441,0.00389864,-0.03106582,0.010810916,0.042907501,-0.008350021,0.028130351,-0.011098893,-0.030724383,0.006877176,-0.023881732,0.005552485,0.001369863,0.006920443,-0.007736983,0.012103022,0.025105921,-0.013986242
0.006373959,-0.003554506,0.008073742,0.007751977,0.002424244,0.005658988,0.09531018,0.009795108,0.003932368,0.011098893,0.01240326,0.009919486,0.01722244,0.009551873,0.006821309,0.006872879,0.001939865,-0.003766483,-0.003311261,-0.002820876
-0.016370472,-0.008343314,-0.014538158,-0.023438573,0.002418381,-0.000297044,-0.040821995,0.010057556,0.001411876,-0.020818596,-0.017094433,0.016822541,-0.024043232,-0.018823217,-0.014378885,-0.011481182,-0.00778214,-0.005297023,-0.023491013,-0.017094433
-0.02598965,-0.011435575,-0.009670035,-0.015936592,-0.007272759,0.005628811,-0.03116236,-0.035282801,0.001566416,-0.023950964,0.007028533,0.029290797,-0.005719749,-0.029875544,-0.002071109,-0.011614532,0,-0.011446138,-0.022318523,-0.0028777
-0.022531444,-0.019560526,0.022867089,0,0.00847976,-0.010393561,0.002731709,0.002218936,-0.028416866,-0.046062069,-0.026815487,-0.032024284,0.017437894,0.01448196,-0.006239188,-0.018868484,-0.009813621,-0.017028275,-0.01928193,-0.017442303
-0.009460809,-0.002472189,0.031900308,-0.012121361,-0.012136071,-0.051136198,-0.018883331,0.010290425,-0.050869619,0.00962317,0.009546612,0.00030409,-0.006787356,0.012408507,0.001389854,-0.002383791,-0.003952574,-0.010200167,-0.010676258,0.00292826
0.009837385,0.006169051,0.022932704,-0.008163311,0.003656311,0,0.02587365,-0.000365698,0.032997495,0.01622834,0.018046782,-0.01810143,0.025033999,0.010409016,0.00760986,-0.014423327,-0.00595831,-0.027990632,0.003571432,-0.00881063
0.013834582,0.011009286,-0.001075532,0.024292693,0.027596232,0.00174368,0.037596986,0.047151591,-0.014864023,0.02787637,0.026095111,0.036179657,0.020453598,0.010301784,0.024507694,0.021557721,0.013847897,0.031140241,0.021164811,0.020438668
0.013645795,0.007272759,0.003028085,0.019802627,0.001182732,0.00521287,0.075012733,0.002439451,0.009274661,0.007607492,0.012048339,0.044101175,0.003248514,-0.001831838,0.038910283,0.023420274,0.011718884,0.017147731,0.01386504,0.011494379
-0.022785092,-0.001208459,-0.006359789,0.019418086,0.007067167,-0.00521287,-0.004505293,-0.003836099,-0.003964326,0.009428695,-0.018127385,0.026781023,-0.018549359,-0.01366091,0.002583981,0.009216655,0.005808342,0.003086422,0.018755878,0.019802627
0.001871959,0.017975319,-0.030799265,0.015267472,0.007017573,-0.006993035,-0.006971098,-0.006309169,-0.000165522,0.009712441,0.010614201,-0.007538776,0.001467352,-0.014981554,0.003863495,0.020432039,0.017225306,0.022096137,0.010084119,0.016667052
-0.000187038,-0.010146312,-0.000911439,0.003780723,0.046678935,0.012205906,-0.004908846,-0.00528822,-0.00149093,0.026775852,-0.013667639,0.004753259,-0.00588237,0.04067104,0.029758448,0.015607898,-0.003802286,-0.00453173,0.019868203,0.008230499
-0.014318255,-0.012677502,-0.020471544,0.018692133,-0.010061572,-0.011504397,0.005258557,-0.017832142,-0.021787354,-0.034238574,0.003053437,-0.018865828,-0.017482312,-0.017913109,-0.015085138,0.00881063,-0.005730675,-0.00607443,0.072701832,0.016260521
0.007373131,-0.004872117,-0.008307421,-0.026267927,0.007834399,-0.005273347,-0.030531303,0.017832142,-0.015194488,0.008577341,0.013626252,0.000568343,0,-0.013742092,-0.012747145,0.010905233,-0.009624713,0.009852296,-0.024692613,-0.018996501
0.000941354,0.007299302,0.015930822,0,0.005558658,0.008424058,-0.005422027,0.003176286,0.012140014,0.047498506,-0.370620124,0.017460314,0.038282187,0.019993261,-0.005144706,-0.021930703,-0.001936109,-0.006051456,-0.009419222,-0.008253142
-0.019956949,0.010250316,-0.014888612,-0.019194447,-0.002219757,-0.012662849,-0.008736859,-0.013480162,-0.002722942,-0.022199265,-0.031534144,0.008063439,-0.0263462,-0.013284328,0.006426757,-0.011148387,0,0.033572717,-0.014297305,-0.00554018
0.032300475,0.03998181,0.001977211,0.030536724,-0.019069563,0.01091368,-0.028181324,0.007117468,0.051318856,0.016873493,-0.010736299,0.037771098,-0.010061572,-0.014216476,0.037716601,0.052413743,0.019194447,0.035318986,0.022152805,0.032789823
0.008145176,-0.006940456,-0.030505294,-0.022814678,-0.035738674,-0.013394631,-0.036771665,-0.015005641,-0.004380635,-0.039206473,-0.069433546,-0.011263192,-0.037005939,-0.038015712,-0.002470662,-0.002129926,0.013220211,0.009866183,-0.03503543,0.029141135
-0.003324103,0.004054451,0.006410278,0.007662873,0.02205545,0.004249298,0.015486179,0.002516629,-0.00799939,0.021970858,0.009049836,0.024508419,0.00542637,0.005075162,0.049467262,0.004255326,-0.007532992,0.075609549,0.020850795,-0.013140794
-0.019802627,-0.011043414,-0.025017479,0.007604599,0.018203005,-0.004249298,-0.051637086,0.029018314,-0.02489342,-0.033139999,-0.036701367,-0.013245227,-0.03021615,-0.017282441,0.012284448,0.033406029,0.003773589,-0.021025742,-0.006369448,-0.002649008
0.039946139,0.017381666,-0.040444436,0.007547206,-0.007923075,0.0144445,0.004842624,-0.027224591,0.032892809,-0.01243188,0.01266374,-0.013963707,-0.00079713,0.00316456,-0.00875918,-0.016563526,-0.013270337,0.021025742,0,-0.005319161
-0.011303676,-0.01446366,0.007024729,-0.007547206,0.03462099,-0.000349834,0.021900139,0.000358359,0.00486619,0.018032044,0.005855307,0.010223387,0.024420276,0.020716004,0.003512884,-0.014721612,-0.007662873,-0.027687992,0.011120051,-0.024292693
-0.016825764,-0.016451605,0.016016471,-0.011428696,0.006564575,-0.009138904,-0.003155821,0.004647015,-0.006005049,-0.013870888,0.000833681,0.00374032,0.017358199,0.025588564,-0.032069256,-0.034486176,-0.017459221,-0.027788979,-0.017530329,-0.013755375
-0.002426959,0.001775674,0,-0.007692346,-0.012068166,-0.005665738,0.028434243,0.005335243,0.001951537,0.013498518,0.00415801,0.012455441,-0.009606222,0.010502722,-0.005446307,-0.004395611,-0.005888143,-0.010362787,-0.014575157,0
-0.005247388,-0.001775674,-0.00612986,-0.015564517,0.002205073,0.002128415,-0.007710138,-0.009624027,-0.010288325,-0.012743801,-0.015893266,-0.017803048,-0.011260068,-0.003738322,0.004238577,-0.002205073,0.001966569,0.013793322,0,-0.008344972
0.006368255,0.009434032,-0.001678322,0.015564517,0.012041744,0.001062511,-0.003489052,0.005001797,0.000164136,0.013116171,0.024157776,0.001874917,0.008940779,0.006346857,0.009621241,0.013158085,0.005876608,0.064324457,0.017785432,0.013869848
0.017948488,0.020331807,-0.005164489,0.01532597,0.004343112,0.004943513,0.007736983,0.03536164,-0.012551775,0.010738855,0.015516849,-0.004559482,-0.014029848,0.00926104,0.014260491,0.032157112,0.009718249,0.060435704,0.020619287,0.019100171
0.002015206,0.006305553,0.010747976,0.011342277,-0.017486784,0.008068804,0.006529695,-0.007250161,0.016155973,0.015351179,0.002428168,0.005629287,0.015190165,0.070123009,0.031933047,0.012578782,0.003861009,-0.004848494,0.007818648,0.01342302
0.02190331,0.015873349,0.01107431,-0.007547206,0.015317586,-0.001048768,0.008387392,0.013764842,0.017185896,-0.006185212,0.005642901,-0.002944722,-0.008540425,0.007193044,-0.026050677,-0.002085506,0.015296665,0.033455928,0.001556421,0.00796817
0.002860721,-0.007338447,0.013237981,0.015037877,0.031001948,-0.00140007,0.006056037,-0.005483221,-0.01294307,0.005459522,0.063834897,0.018329641,0.011628038,0.024942311,-0.008245041,0,0.001895735,0.028383023,0.013899838,-0.002649008
-0.000357143,0.014623433,-0.000217391,0.014815086,0.005249356,0.037467864,-0.046340337,0.039088534,-0.019236105,0.003623192,-0.019033692,-0.003691987,-0.008125407,-0.002332946,0.027414957,0.050875671,0.020619287,-0.014380461,0.007639457,0.041564424
0.030257365,0.042629405,-0.029118634,0.010969031,-0.028679608,-0.011196046,-0.041975492,0.084861016,0.06925844,-0.024529877,0.006893938,-0.020283588,-0.010152371,0.005324472,-0.009248621,0.059690479,0.003703708,0.0149514,0.021085118,0.002541297
0.008454886,0.004271229,0.001118568,0.003629768,0.003227544,0.00306592,0.014323961,0.000303536,0.003710579,0.019090154,0.003048783,0.016047416,0.011317194,-0.008331993,0.009248621,0.033091255,0.039860349,0.070513784,0.030816819,0.047096684
0.003944102,0.011652674,-0.003808248,0.049480057,-0.00646554,0.025190249,0.029625866,-0.022093565,0.0309961,0.016588913,0.019593694,0.022561293,0.046996143,0.024137393,0.01824452,0.017921627,0.008841791,0.018445846,0.022858138,-0.002424244
0.018146856,0.025988989,0.02186668,0.03056265,0,0.031665776,0.017983284,0.035658204,0.044620874,-0.000715564,0.026511126,0.029395088,-0.008551828,-0.012161202,0.024003385,0.041745192,-0.705865953,0.095547512,0.029229638,0.081535245
-0.006745388,0.04022664,-0.030998134,0.045759617,-0.031853325,-0.031334156,0.06958678,-0.048460877,-0.027414872,-0.051783186,0.041287003,-0.017789542,-0.058433223,-0.051571807,-0.031375123,-0.031144386,0.048409139,0.09543961,0.035044017,-0.002239643
0.028194377,0.017587166,-0.021636698,0.064937802,-0.020293819,0.007926065,0.077509687,0.019913539,0.003816238,0.000376861,0,0.001793263,0.001186944,-0.025389234,0.02528935,0.082608023,-0.020016065,0.095388614,0.095912046,0.089996454
-0.01308074,-0.063473713,-0.043883808,-0.094113292,-0.044244702,0.001643386,-0.105360516,-0.020542272,-0.015650696,-0.066197772,-0.10505063,-0.029348945,-0.010733556,-0.043802623,0.016511107,-0.048062274,-0.086022187,0.039974577,-0.012106685,-0.092241124
0.032789823,0.048839305,0.042262311,0.032365285,0.029327615,0.033901552,0.014388737,0.063948725,0.051479289,0.030918039,0.008484432,-0.00820436,0.068353179,0.073014624,0.086738414,0.031748698,-0.003395589,0.027134168,0.068261788,0.017817843
-0.029462033,-0.00789348,0.012097619,-0.009600074,0.008059917,-0.004773279,-0.011049836,0.095041975,-0.020851941,0.003117695,0.068992871,-0.002128226,0.013716619,0.011038401,0.018840418,0.077509137,-0.020619287,-0.098579177,-0.027683429,-0.020067563
0.001825575,0.003954528,0.005481969,-0.003220615,0.009132484,-0.00031903,-0.008928631,0.045104656,0.008621982,0.008138003,-0.018083675,0.037888268,0.074476093,0.048218245,-0.026376249,-0.037213596,0,0.030293269,-0.026067827,0.006734032
-0.002656485,0.01030684,0.046400936,0.003220615,0.001135718,-0.005439143,-0.00637303,-0.047252885,0.018570241,0.080428585,-0.022141126,-0.033901552,0.017615632,0.023264377,-0.002524616,-0.020750944,-0.00173762,0.060555334,0.036539127,-0.018059182
-0.021000352,0.006812678,0.033151025,0.037859411,-0.014865911,-0.012915904,0.003379016,-0.014622519,-0.018141087,-0.03257617,0.009654735,-0.021448543,-0.006062666,-0.00287862,-0.005068435,0.033309979,0.025752496,0.095444552,-0.003478264,0.033597785
-0.001699236,-0.027533696,-0.004427585,-0.02191011,-0.036367644,-0.022015018,-0.029285226,-0.015947547,-0.033004377,-0.03443454,-0.033825096,-0.005434796,-0.019100171,0.029042445,0.004056801,-0.003125003,0.018472398,0.095401787,-0.02231449,0
0.018200705,-0.014056456,-0.037130981,0.009448889,-2.151073925,0.000332171,0.028160156,0.002767785,-0.000443557,-0.014576399,0.00609758,-0.012613274,0.019775619,-0.022338509,-0.017871295,-0.003134799,-0.005004181,-0.031325247,0.033861963,0.026088436
-0.02246147,0.014056456,-0.032428046,-0.00313972,-0.011904903,-0.030346226,-0.036298159,-0.002490661,0.010152371,-0.027420441,0.009077218,0.003030723,-0.035742636,-0.033320242,0.032939385,0.095738231,0.039349339,0.015319981,0.095205801,0.060372128
-0.020011018,0.026563293,-0.017020229,0.04908961,-0.013261195,0.023681756,-0.073868552,-0.040429534,0.025866625,-0.065227135,-0.068562671,-0.053104823,-0.052435709,-0.037879508,-0.023708551,0.019774656,0.020684906,-0.047332958,0.011416834,-0.010152371
0.024271783,0.033415997,-0.010539214,0,0.012062872,0.017236091,-0.04148553,-0.025717373,0.06796524,0.008862687,-0.05299253,0.006650306,0.016093983,0.009858995,-0.032687735,-0.070992872,-0.051707802,0.008744995,-0.062820012,-0.056678337
-0.004260765,-0.025197435,0.017999794,-0.03348867,0.015467292,0.001313629,0.03475999,0.000591891,0.016784905,0.049190244,0.013513719,-0.01130283,0.022956532,0.018103076,-0.022940457,-0.044520015,-0.028597407,-0.094987755,-0.022223137,-0.030704166
0.00272898,0.009583207,0.024288119,0.024466052,0.005885832,0.00621628,0.01838748,0.085037043,0.000131053,0.019018006,0.014987791,-0.012021842,-0.017889565,0.029462033,0.028200858,0.057943035,0.023609866,0.034846731,0.09531018,0.028542003
-0.001022495,0.003332543,0.023712167,0.026827242,0.008182395,0.00779731,0.003719781,0.002171554,0.030712091,0.000784621,0.012320484,0.017834123,0.012556219,0.026422037,0.038090039,0.023427133,0.027939369,0.09531018,0.023221639,0.029852963
0.005271673,-0.028442505,-0.042526444,-0.008862687,-0.002331003,0.030595121,-0.028878341,-0.053464848,0.014633792,0.015178342,-0.028987537,-0.044741576,-0.027834799,-0.046295634,-0.011173301,-0.010181906,0.012882626,0.002176956,0.019763489,0.014598799
0.030895001,-0.017760704,-0.010632925,-0.020990276,0.006976772,-0.004719216,-0.038965969,-0.074504108,-0.011968647,-0.057226578,-0.049084325,-0.003034904,0.002562696,-0.051657054,-0.00614756,0,0.001598721,0.03869485,-0.024766001,0.002068253
0.0377586,0.015312722,-0.003454235,0.018018506,-0.005810592,-0.0050585,0.035989143,0.027057434,0.001899336,-0.033690023,-0.008865306,0.010582109,0.007286007,0.011369632,0.008188377,0.024549969,0.036082346,0.013064319,0.001002506,0.022472856
0.028104894,0.070951736,0.003799003,0.029327615,0.012739026,0.036412923,-0.005552011,0.035070634,0.095367679,-0.014057739,0.024627454,0.023187721,0.003623192,0.029036476,0.045337777,0.063557298,0.095450246,0.02217127,0.004997512,0.06074345
0.034501833,-0.014719677,0.037991381,0.008633147,-0.006928434,0.03749127,0.047667887,0.036677885,-0.000115002,0.026668247,0.018080561,0.009068367,0.083902269,0.036914203,-0.021665052,-0.040989345,-0.019802627,0.001441546,-0.028313317,-0.017258338
-0.007914624,0.000463285,-0.01224278,-0.002869442,-0.015178342,0.004991935,-0.014808991,0.006400467,-0.023859147,-0.015151805,-0.007708818,0.016175974,-0.029016881,-0.03359194,0.004469836,-0.015460603,0.025389234,0.040649119,0.01020417,0.036091287
0,0.002313209,0.016657798,-0.020320002,-0.017804625,-0.014753882,-0.013770299,-0.019042861,-0.003303448,-0.011516442,-0.011240931,-0.007766471,-0.000342407,0.001988072,-0.008959741,-0.03899411,-0.047050731,-0.025211419,-0.048891692,-0.061557893
-0.02889935,-0.010218389,-0.009294159,-0.023739987,-0.003599284,-0.022851265,0.01252626,0,-0.023555821,-0.009049836,0.011240931,0.008339373,0.000342407,-0.000662252,-0.00250313,-0.023846137,-0.017673509,-0.008260978,-0.018289913,-0.011976191
0.004618946,-0.100599588,-0.028869844,-0.033590944,-0.028033524,0.014193202,-0.00415801,-0.037153301,0.010231808,-0.005643601,-0.038567444,-0.037046675,0.042887645,0.044379752,-0.024868067,-0.043149991,-0.024061311,-0.04176399,-0.036488293,-0.026451186
-0.001998924,-0.014037142,0.055090424,0.015408625,0.01106342,-0.013281209,0.012833958,0.022342435,-0.001798023,0.021959978,0.019469642,0.017673509,-0.009556837,0.095425394,-0.006185587,-0.003154577,0.001520913,-0.041406219,0.001125493,0
-0.006330601,0.00730311,-0.016926421,-0.024769068,-0.01106342,-0.025855549,-0.002058885,0.012829827,-0.047920716,0.011433536,0.007856871,0.011322519,-0.023112735,0.030352635,-0.023542809,-0.015923903,0,0.015116746,-0.020455259,-0.0166324
0.006792246,0.005184045,0.001100716,0.021706279,0.003701423,0.011779429,0.001647447,0.012667305,0.001760564,0.005877431,0.006068506,0.027336554,-0.000677966,-0.026041664,0.035875956,0.033152207,0.047486666,0.021506205,0.036080577,0.041073535
0.015570457,0.00567158,0.004828807,0.009160369,0.003687773,0.018321123,-0.005777977,0.017468904,0.004387896,0.05060239,0.012881243,-0.000561956,0.018478604,0.01677844,-0.003069056,-0.004669269,0.004338402,-0.01388073,-0.00332779,0.012000144
-0.051596279,-0.059853711,0.006112222,-0.088947486,-0.029890145,-0.048669143,-0.018379799,-0.035818043,-0.054498193,-0.030709484,-0.058866356,-0.004789416,-0.007350518,-0.052689466,-0.059088916,-0.0982787,-0.104879631,-0.105326754,-0.105360516,-0.102492972
0.018957914,0.018388836,0.030962889,0.029462033,0.01754431,0.027879644,0.056549272,0.051905642,-0.001321877,0.029116493,0.032935776,0.026475003,0.095249206,0.095202078,0.043600739,0.013675427,0.012739026,-0.104160845,0.008604847,0.017467693
0.018605188,0.025398191,0.008508902,0.028618805,0.017241806,0.025016558,0.010305283,0.045474396,0.047024939,0.006356795,0.036961663,0.024987721,0.008802607,-0.01168968,0.030740125,0.038306099,0.043350441,0.074348804,0.038420091,0.038221213
0.004444792,0.00625002,-0.003352895,0,0.013341617,-0.00604414,0.060439041,0.007980477,-0.011678224,0,0.03970745,0.020969581,0.038825442,0.01304012,0.000504414,0.014598799,-0.003034904,-0.011192842,0.019825722,0.002081166
-0.011381236,-0.002079003,-0.002943033,-0.012618464,-0.002412546,-0.0051664,-0.034362452,-0.026501941,-0.025343999,0.041122939,-0.024631787,-0.020433244,-0.058972644,-0.048385388,0.034691288,-0.011336154,0.003034904,0.027066191,-0.021004273,-0.004166673
0.029115691,0.016000341,0.030886485,0.012618464,0.015578506,0.027942332,0.017140012,0.011258137,0.031200159,0.021433421,0.01648842,0.011197131,0.008291158,0.010146648,0.036819842,0.017756722,0.010550211,-0.020405342,0.014051753,0.006243517
-0.009510223,0.003067487,-0.010052398,0.003129893,0.011820469,-0.014624944,0.003016594,0.05100687,-0.007005952,-0.011599756,0.037710044,0.04712236,-0.007058492,-0.017253999,-0.010382349,-0.022654691,-0.02889935,-0.020117142,0.015003167,-0.020965128
-0.025189475,-0.017508171,-0.018205964,-0.012578782,0.00468934,-0.003312757,-0.014410564,-0.007948378,-0.016367399,-0.00641875,-0.034444735,-0.013751172,-0.009904135,-0.019882516,0.002842257,-0.013179762,-0.021841742,0.028814362,-0.01966518,-0.019251931
-0.021857934,-0.005208345,-0.024658492,-0.009539023,-0.016509809,-0.017037224,0.004573179,0.00992564,-0.012420896,-0.004936406,-0.009005382,0.003072199,-0.00592733,0.018454964,-0.023451661,0.003311261,-0.028801991,-0.024190487,-0.027236734,-0.017429635
0.000635728,-0.001567808,-0.000322876,-0.006410278,0.003560835,-0.00584707,0.003037208,0.014706147,0.009167167,-0.039601448,-0.029205246,-0.01156974,0.009032922,-0.029575945,-0.012670735,-0.018349139,-0.021329767,-0.011420538,-0.023073276,-0.006615239
-0.012631074,-0.021676767,0.016970363,-0.022765211,0.009434032,-0.005571045,0.003783584,-0.039454317,-0.010615394,-0.010750651,0.001692048,-0.00570541,-0.018463989,-0.02322224,-0.016815431,-0.03949011,-0.026892377,-0.034322464,-0.033732118,-0.017857617
0.016753483,0.012217947,-0.009463625,0.013072082,0.010507978,0.015093464,0.02829675,-0.018133558,0.026265975,0.019818326,0.016764852,0.001299545,0.041150431,0.015837773,0.008937497,0.020797977,0.023570115,0.05351964,0.023855494,0.020067563
-0.017236303,-0.001585205,-0.016915773,-0.009788006,-0.011682376,-0.018201952,-0.016657798,0.003858526,0.036418061,-0.022624501,0.011570377,0.004922927,-0.016195923,0.01266772,-0.00098912,0.094842271,-0.0150883,-0.01311378,-0.013741628,0
-0.017047251,-0.005834013,-0.026424525,-0.016529302,0.010520261,-0.028099718,-0.023414967,-0.027063843,0.020455119,-0.01496489,-0.019917671,-0.014055411,-0.020542272,0.009034012,-0.003966292,-0.036540999,-0.015319449,0.001782214,-0.006309169,0.002205073
-0.017342907,-0.031885976,-0.019490281,-0.044300259,-0.022340729,0.009243094,-0.034204656,0.000791035,-0.035290522,-0.029778875,-0.044566072,-0.020925144,-0.023867481,-0.063166288,-0.014511138,0.039656267,-0.024306752,0.00815752,-0.006349228,-0.042751167
0.006311265,0.017420147,0.015577694,-0.024692613,0,0.018233765,0.007092228,-0.003432347,0.039162744,-0.008431753,0.001751314,-0.012931215,-0.001934237,-0.028206195,-0.020881838,0.030630266,-0.001759015,0.038119653,0.003814372,0.006872879
0.00462505,0.059195074,0.001790511,0.021202208,0.004744967,0.009302393,0.018670321,0.013137341,0.002412546,0.020532881,-0.002628122,0.000813118,0.006753523,0.041711618,0.044295112,-0.00302115,0.010507978,0.004410525,0.03000225,0.006825965
0.010002543,0.010121544,0.017291497,0.051118454,0.015267472,0.003081667,0.017949689,-0.017112435,0.000602228,0.010315751,0.013072082,0.002705629,0.046039131,-0.001220256,0.005891033,-0.018321123,-0.006993035,-0.0074754,-0.001232286,0.029052323
-0.001142764,0.005022612,-0.009939342,0.009917437,0.046678935,0.003072199,-0.00607443,0.026206951,-0.016633662,0.001640689,0.00690253,-0.005418599,-0.012939182,-0.005509656,-0.009343564,-0.01240326,0.022550826,-0.010974047,0.006146301,0.080381518
0.008458086,0.02815696,0.010818077,0,0.008859416,0.001532567,0.015867352,0.016673466,-0.010832208,0.013838235,0.022109744,0.005148365,0.00464038,0.03764938,0.001974334,0.01240326,0.001713796,0.004472741,0.00122474,-0.014329826
0.004202366,-0.00929784,0.001974334,0.016313575,-0.006637193,0.003668607,0.02443661,0.012136685,0.009852296,0.012452461,0.005033568,0.009414999,0.0309961,0.022505699,0.04058528,-0.003086422,0.005123837,-0.005507759,0.001223242,0.096246948
0.010908032,-0.013861608,0.004264399,0,0.003324103,-0.00550797,-0.008079368,-0.018004797,-0.009109998,-0.002398083,-0.00083717,-0.00536914,-0.012041085,-0.013091096,0.028933423,0.022919261,0.003401364,0.007222731,0.002442004,0.036768848
-0.020958368,0.003980105,0.058690851,-0.009756175,-0.004434597,-0.015149463,-0.008145176,-0.018595577,-0.052556834,-0.005617992,0.008340332,0.000269143,-0.021117847,0.016553304,-0.02940702,-0.013688427,0.033392084,-0.015193662,-0.012270093,-0.046176255
0.009082125,0.012336697,-0.016390408,0.009756175,0.00332779,0.01022789,0.012560195,0.016289953,0.02242651,0.006018072,0.011560822,0.005902888,0.014432924,-0.014213437,0.015044948,0.013688427,0.006546668,0.040571441,0.063380443,0.011278315
0.005474172,-0.001472393,0.021624142,0.022400937,-0.002217296,0.002463814,0.051164799,-0.006174447,0.024176448,0.001199281,0.027532103,-0.002947089,0.016029377,0.044845441,-0.015518769,0.009022618,0.030524458,-0.013454626,-0.012828164,0.054558984
0.004645583,-0.006899978,0.012713113,0.006309169,0.012134732,0.014050323,0.021736236,-0.002842746,-0.025196596,0.021344684,0.026794353,0.016498512,0,0.003902988,0,0.036741826,-0.009539023,0.011447936,0.011668744,-0.010676258
0.004942218,-0.013944449,-0.01005544,-0.025479085,0.023836448,-0.015897614,0.008157761,-0.032082688,-0.019713323,0.020898593,0.007745972,-0.009013847,-0.027432014,-0.041761501,-0.026898836,-0.047276159,-0.037433174,-0.042748858,-0.027044564,-0.042015312
0.023574878,0.021335466,0.000408247,0.050325084,-0.011847204,0.011032904,0.015785382,0.003734333,0.005061988,-0.000383068,-0.015552413,0.042237769,0.075613126,0.023793583,0.006792845,-0.004548909,0.008257685,-0.008773525,0,0.007434978
-0.012346801,-0.002457608,0.008130126,-0.015456258,-0.011989244,0.016923946,-0.038381345,0.02133625,-0.008973335,0.010670833,-0.009448889,0.016458151,-0.02409064,0.009024314,0.003861009,-0.035579932,-0.021613476,-0.003177408,-0.010785006,-0.020580708
-0.024193445,0.016109697,-0.037327769,-0.018868484,0.007646132,-0.023038303,-0.014649721,0.001041938,-0.008790977,-0.007228489,-0.003169575,0.013222096,-0.04877565,-0.036305259,0.00432589,-0.00790518,0.001679262,-0.006029456,0.004807702,-0.01523839
0.004500892,0.004830927,0.018425546,0.003169575,0.011898464,0.009461386,0.010138175,0.03554907,0.012051495,-0.000381898,0.03585731,0.037216991,0.015124305,0.060436232,0.001916627,0.012618464,0.024856292,-0.016138059,0.017825784,0.011450507
0.023146246,0.0095924,0.01687588,0.00315956,0.024430318,-0.009768087,0.000347766,-0.007819437,-0.015748357,0.008746966,-0.007686433,-0.031040319,0.006284623,0.004647992,0.029247368,-0.011032421,-0.011522761,-0.004711007,-0.009467526,-0.017225306
-0.010080413,-0.00718566,-0.01687588,-0.015898586,0.006276171,-0.008316697,-0.019663555,-0.012485829,0.008298803,-0.000378716,-0.007745972,-0.023424944,-0.006584879,0.007879405,0.017055034,-0.003174606,0.003305788,-0.002181819,-0.003573559,-0.003868477
0.003318849,0.009569451,0.013828645,0.003200003,0.095404971,0.007396028,-0.007474674,-0.016546396,0.005755412,-0.00037886,0.009287992,0.021205734,-0.009352912,-0.022995812,0.039870903,0.011067307,0.016366977,0.026227478,0.003573559,0.019194447
-0.008079252,-0.007648221,-0.00020348,0.003189795,0.037213596,0.001227371,0.014541842,0.003383217,-0.002611991,0.009053249,0.009202519,0.074654425,0.003328797,0.007174424,0.031556541,0.010946161,0.00162206,0.001063264,0.015339534,-0.003809528
0.023733923,0.036281954,0.001626678,0.02515856,0.016304709,0.022438783,0.023661507,0.013419556,0.01595675,0.019338647,0.019652938,0.007986352,0.023881732,0.032727735,0.008474627,0.026095111,0.011281344,0.018947935,0.015107783,0.018904155
-0.005919943,0.045236116,0.095273239,0.094745368,-0.019964365,0.004487666,0.042086669,0.020300113,0.01811043,0.011353354,0.030953097,-0.03116236,-0.011571113,0.014267085,0.064142873,0.007547206,0.015898586,0.028441184,0.036244058,0.018553408
0.021639175,0.017536618,-0.008253397,0.09428243,0.001831502,0.021557014,0.011147656,0.01248144,0.00680189,0.009062959,0.025789395,0.014894388,0.011571113,0.013290098,-0.001584159,0.041242959,0.012539349,0.012756131,0.012161565,0.016408755
-0.007212492,-0.018421574,-0.012085022,-0.015544354,-0.005504601,-0.002339867,-0.00884237,-0.025120638,-0.003017352,-0.005427913,-0.020000667,-0.002312674,0.036494058,0.040832349,-0.02528732,-0.01453514,0,-0.009720204,0.020664139,0.01969625
0.006447674,0.017552008,0.009474298,0.02831592,0.00091954,0.014823698,-0.0056078,0.014646726,-0.013564257,0.005066967,-0.005788728,0.006001865,-0.019819692,-0.028739059,-0.011858655,0.001463058,-0.001558847,0.085803732,-0.009735069,-0.014285957
0.011411307,0.005638705,0.002983129,0.025063969,0.039644831,0.009761777,0.019653433,0.07274616,0.011042823,0.027769673,0.010826522,0.07853675,0.011824219,0.017241806,0.024381541,0.020261185,0.003115267,0.029543796,0.015102768,0.008952611
0.030542411,0.015876755,-0.003076495,0.048318577,-0.035975102,-0.014678635,-0.009123556,-0.034383944,0.039963257,0.035188177,0.019901154,0.016878038,0.03714552,0.070834647,0.013952788,0.051651396,-0.009375069,-0.026457374,-0.018368966,-0.021622464
-0.0098799,-0.020645895,0.003262646,-0.026285862,-0.014760416,-0.00377633,0.02616851,-0.013357819,-0.027668534,0.005071862,0.03185865,-0.0143281,0.000276205,0.030445156,-0.041630582,0.214656937,-0.017419284,-0.002468375,-0.001091108,-0.025831695
-0.016736792,0.063152293,0.00704816,-0.029486166,0.021150214,0.061788089,-0.004154024,0.00852105,0.023414502,-0.029086738,-0.025545055,-0.002762726,-0.033415997,-0.044596335,-0.018746644,0.014104606,0.028348355,-0.01087136,0.040647307,0.018519048
0.002107482,-0.009016455,0.038879438,0.007453451,-0.012820688,0.001640241,-0.002564926,0.011808789,-0.002316933,0.014478019,-0.007017573,-0.015008858,-0.00085702,-0.01676686,0.0021004,-0.009852296,-0.010929071,0.003118182,-0.010537505,-0.011070224
0.011661068,0.040739653,0.029774529,0.014742282,0,0.010866719,0.030975928,0.008350281,0.005478799,0.00273411,0.016067408,0.013731175,0.008820658,0.009136875,0.029766563,0.027895812,0.018663061,0.024297674,0.094924898,0.040005335
-0.009407969,-0.030499956,-0.009013755,-0.017220598,0.001831502,-0.002976595,0.016054683,0.007102303,-0.012093227,-0.006505758,-0.035982718,-0.001065985,0.015460603,-0.000239378,-0.016841639,-0.020848566,-0.01240326,-0.002738477,-0.024379559,-0.025272103
0.020052659,0.000407415,0.043694411,0.017220598,0.031519944,0.010513643,0.066928465,2.091443098,0.003802519,0.028447567,0.007158227,0.027767876,0.03049268,0.018971401,0.015210982,0.002805051,0.009316838,0.033556174,0.010800301,0.095808643
0.00190994,0.008517594,0.009455943,0.009708814,-0.000886918,0.022013885,0.000858984,0.062343131,0.007561934,0.031873899,0.028824491,-0.004366365,0.026433257,0.026198322,0.0061013,-0.008438869,0.001544402,-0.014841472,-0.008827914,-0.010016778
-0.001174916,-0.006076583,-0.017740856,0.002412546,0.095552145,0,0.04148577,-0.015950715,0.012317509,0.021120785,-0.009049836,0.095329123,0.017759673,0.008884897,0.048674296,0.009838449,-0.00464038,0.02305748,-0.003948672,-0.001679262
0.028680993,0.01572296,0.009950331,0.033178399,0.019960743,0.020512208,0.003289477,0.004900879,0.015836492,0.050025867,0.034367644,0.055452091,-0.007796297,-0.000680658,0.000772201,0.018018506,0.032039354,0.01191009,0.030202003,0.02980353
-0.013224284,-0.007226045,-0.028610754,-0.018824085,-0.040328045,0.024623658,-0.045920722,0.031713975,0.055825242,-0.005133637,0.09531018,-0.01335037,-0.043183682,-0.047168692,-0.024219934,0.005479466,0.01194044,0.041018337,0.003831422,0.008123522
-0.017663404,-0.033595949,-0.013880131,-0.026475674,0.010642753,-0.024880694,-0.012977832,-0.038402964,-0.039886782,-0.030743276,0.018259789,0.046833674,0.027406336,-0.045761209,-0.031327863,0.030937235,-0.010440065,-0.008629142,-0.038991294,-0.026231012
0.018242024,0.016529302,0.021980794,0.033576296,0.022545238,0.012771566,0.030023699,0.005577259,0.024008964,0.095225029,0.043087219,0.037920041,0.01394943,0.018018506,0.013776555,0.002645504,0.005979091,0.001955035,0.006934154,0.014839514
0.012502857,0.01827462,0.072231782,0.094452179,0.00159109,0.019105659,0.005057611,0.021567737,0.004981894,0.017445575,-0.008703275,0.038784211,0.05244266,0.023928634,0.012397679,0.007894778,0.016260521,-0.012917899,0.039676225,0.027443207
0.036184006,0.023071827,0.011156621,0.050219757,0.01342302,0.006700608,0.017502878,0.003477508,0.015132273,-0.01659439,-0.021202208,-0.056120335,0.035330755,0.018457694,0.028215038,-0.010540282,-0.011799547,-0.005384737,0.012258522,-0.017671143
-0.046520016,-0.036032721,0.025075572,-0.103095509,-0.063963523,-0.042441328,-0.061916423,0.00756515,-0.022386896,-0.053594654,-0.033901552,-0.104040881,0.032040432,-0.022526145,0.003471556,-0.030937235,0.005917177,-0.031464567,-0.038209041,-0.003246756
0.038221213,0.072709289,0.029949324,0.017937701,-0.003350087,0.048359964,0.004968591,-0.023310063,0.08606288,0.014260491,0.037466618,0.071251058,0.012900432,-0.022309364,0.037041272,0.020284671,0.034786116,0.026336351,0.028792776,0.075152722
-0.005571045,-0.015664122,-0.025084614,-0.006688988,-0.010965947,-0.007651524,0.020202707,-0.016893045,-0.007333715,-0.011869576,-0.006545694,0.001577702,-0.029499294,-0.01258499,-0.002972875,0.067295761,0.044575625,0.003706348,0.073837629,0.064255676
-0.022028567,-0.037266521,-0.029862154,0.035168459,-0.016246616,-0.04070844,-0.022830062,-0.038620131,-0.0388086,0.008027396,0.005952399,0,-0.066520682,-0.035898698,-0.048027522,0.017370164,-0.027626066,-0.043921557,0.023448751,0.095695858
0.034657976,0.071707011,-0.00336503,0.0422896,0.055336832,0.028744189,0.068895429,0.028028483,0.095330055,0.057816244,0.036706713,0,0.057522279,0,0.028485375,0.023101331,0.018043515,0.042212642,-0.008620743,0.027885203
0.032429407,0.019525395,0.019638152,-0.00207254,0.004882028,0.014438887,0.052615748,0.025499033,-0.010890851,0.00779514,0.016454272,0.014543752,0.017449158,0,0.021772632,0.013134517,0.024457741,0.075206896,0.009478744,-0.001250782
-0.017101339,-0.022132958,-0.026876009,-0.01252626,0.009693129,0.006405541,-0.013814895,-0.005758598,-0.014572207,-0.007236324,-0.014739496,0.059344575,-0.019115626,0,0.003336426,0.04181794,0.017299167,-0.026253852,-0.009478744,0.095423952
-0.021275938,-0.029525233,-0.000394867,-0.032019811,0.032426724,-0.021346057,0.025652398,-0.030903553,-0.015201607,-0.019746763,-0.04139326,-0.029145651,-0.009576324,0.006850151,-0.00780238,-0.044193238,0.026043139,-0.039872391,-0.027206593,0.032459481
0.007188309,0.011838977,0.000947418,0.017204725,-0.019646997,0.014198769,0.01623989,0.059802237,0.017238268,0.003129003,0.00297177,-0.004159451,0.003841541,-0.013031816,0.017745382,0.095202078,0.095543852,0.009838449,0.021998247,0.0955104
-0.036612547,-0.042262541,-0.029876877,-0.036920589,-0.054640578,-0.035241502,-0.05909986,-0.065546078,-0.055424534,-0.066035428,-0.048641807,0.010366368,-0.046097889,-0.042383353,-0.041142676,0.031917603,0.012768601,-0.006735922,-0.074978673,0.05359295
0.007260335,0.014937385,0.041878433,0.013187004,0.039446363,0.00025618,0.019305108,0.010315278,-0.00474241,0.011763067,0.034296074,0.001202439,0.030885716,0.071295932,0.065039541,-0.025452063,-0.042409182,0.001969335,-0.01989644,-0.056600472
-0.014573768,0.002727452,-0.005081113,-0.013187004,-0.008903337,-0.02201306,0.005745641,-0.005488237,0.010852736,-0.019071261,-0.012723589,-0.763735438,-0.01027155,0.009684189,-0.011515061,-0.037203415,-0.023129455,0.053194494,-0.006721101,-0.045182223
-0.017129175,0.010451034,-0.025800201,0.043296806,0.002436055,0.005744141,0.035558165,0.010038871,0.017690202,0.025050352,0.032986499,-0.047538185,-0.001968505,0.095351899,0.037297877,0.095614177,0.004914015,-0.01791268,0.033162679,0.043172172
-0.00499047,-0.068525408,-0.050891284,-0.027928776,-0.015529532,-0.034161934,-0.033736908,-0.047655734,-0.035916644,-0.022303516,-0.058929893,-0.003095978,-0.014638644,0.040271154,-0.052248019,-0.075745974,-0.029852963,-0.02035389,-0.058529893,-0.104913488
0.004844046,-0.023363599,-0.021208252,-0.03548044,0.005749502,-0.017940139,0,-0.039087389,-0.021674208,-0.000609756,-0.05531957,-0.063608721,0.001748034,-0.015344537,-0.008115131,-0.055039157,-0.021698362,0.006330089,-0.030092541,0.005571045
-0.021012907,-0.012316996,-0.028758777,-0.070122177,-0.054704425,0.018478787,-0.02660502,-0.035020583,-0.00961116,-0.038867009,-0.048790164,0.009864445,-0.022455845,-0.07892431,-0.030077455,-0.076776301,-0.034124046,-0.003612286,-0.029976405,-0.051293294
0.018813976,0.02239688,0.022777224,0.035675603,0.041513797,0.014965539,0.054291997,0.025317808,0.018690053,0.031520787,0.026046709,0.036542914,0.047829789,0.095270149,0.016654435,0.056950578,0.011944402,0.004813487,0.038090039,0.017391743
0.024356089,0.025223582,0.034944395,0.027651531,0.036663984,0.00924099,0.045473612,0.038018067,0.018996204,0.095449815,0.039142642,0.031822631,0.042853498,0.055288505,0.022639675,0.023283939,0.019595663,0.019025544,0.030832875,0.027212564
0.000429584,0.000408247,0.032058264,-0.002275314,0.084341148,-0.001578117,0.070200164,-0.011619593,-0.017674473,0.035659291,0.012928428,0.085259142,-0.007250646,-0.004746093,0.057403032,0.020501857,0.003873472,0.012873203,-0.002942621,0.030839448
-0.008482547,-0.00737406,-0.021368334,-0.023042494,-0.008862687,0.02392832,-0.036935039,0.063213685,0.01301347,0.032868053,-0.001285347,-0.034252367,-0.000469594,-0.031902174,-0.03060925,-0.012478891,-0.028760152,-0.030399272,-0.002951306,-0.046623316
-0.016303127,-0.007428841,-0.032075674,0.032112851,0.00148258,-0.006187181,-0.003980804,0.009101314,-0.026867945,0.020390434,0.017214324,-0.037726367,-0.031976,0.029043668,-0.028998045,-0.030129741,0.00924099,-0.008426171,-0.016890615,0.006795043
0.004100767,-0.015866721,0.012530531,-0.039130424,-0.026267927,0.00901023,0.013979724,-0.024998435,-0.033478304,0.015464879,0.012562979,0.050350521,-0.035541747,-0.017324784,0.001470048,-0.040821995,-0.040219898,-0.034120415,0.015904908,-0.039130424
-0.008808043,0.007964829,0.042700788,-0.011806513,0.000760167,0.02129898,0.041025583,0.044512344,0.009876056,0.04067104,0.018553408,0.079877268,0.034814033,0.038286745,0.020356937,-0.003683245,-0.026335548,-0.031768872,0.001970444,-0.034630326
0.022885628,0.019843561,0.035639759,0.018824085,0.016579129,0.009736689,-0.005120795,0.017177256,0.026944869,0.029042746,0.040821995,-0.011314597,0.031293608,0.048870253,0.024876905,0.026700615,0.031792588,0.063468711,0.055516647,0.032280149
0.001871716,0.004899969,-0.0084163,0.00232829,0.025822165,-0.451346463,-0.00425009,0.09531018,0.010842013,0.038435291,-0.013025643,0.000334616,0.039428738,0.005501833,0.069484151,0.005970167,-0.005457039,-0.018343529,-0.009354605,-0.00471699
0.025422089,0.036396739,0.660230805,0.00464038,0.05456543,0.033381193,0.037615784,0.01575456,0.052931476,0.018345033,0.02646435,0.023149182,0.066684081,0.047356351,0.095191104,0.002378122,0.001367054,-0.003090237,0.094968358,0.023365549
0.002101283,0.032080046,0.070965436,0.069301466,0.011655943,0,0.015637033,0.060095783,0.002605661,0.019537445,0.004054451,-0.024153366,-0.034207918,-0.039247722,-0.017114965,0.055441448,0.042787275,0.02476055,0.031962351,0.040729612
0.023510971,0.011722577,0.02442167,0.019251931,0.034832724,0.029375602,0.043055418,0.095393809,0.009633886,-0.002612104,0.060012398,0.000669568,0.017142657,-0.009880109,0.015923425,0.040732103,0.033465156,0.033257222,0,0.025179217
0.008980874,0.022305758,0.000209768,0.031285137,0.025992366,-0.001833853,0.093791408,0.065228198,0.020509877,0.095349808,0.095458632,0.025443302,0.055244171,0.03004068,0.009788006,0.018172601,0.005050516,0.004371273,0,-0.011963166
-0.000270966,-0.014442021,0.020620714,0.014271394,0.030946581,-0.006999476,-0.010621548,-0.026515803,-0.000101005,0.032169652,0.095265197,0.072358599,-0.017248888,0.049347149,-0.011279431,0.003172927,0.019950786,-0.013466246,-0.001557633,-0.027733336
-0.033761388,-0.055207579,0.078096797,0.043571248,-0.089048729,-0.056658376,-0.104777862,-0.086324127,-0.062520357,-0.081931161,-0.05692029,-0.096129939,-0.054481557,-0.038565834,-0.091853475,-0.101028717,-0.098525219,-0.099060203,0.006216026,0.010072833
0.049624067,-0.006326632,0.002593707,-0.023530497,0.016183765,-0.019356717,0.076853168,0.055773683,0.006537722,0.036999622,-0.046792162,-0.017866648,0.095270411,0.049802822,-0.018827972,-0.029640581,-0.017869891,-0.011784097,0.008484432,-0.045565969
0.039615612,0.043468232,0.095321667,0.067139303,0.0584582,0.039496825,0.095292667,-0.669863623,0.065932966,0.095255447,0.063321463,0.09531018,0.095328257,0.095383788,0.058287782,0.058427831,0.039434069,0.068092455,0.041374837,0.030983546
-0.01199318,0.017692914,0.009773461,0.001853569,0.095596918,0.004590674,0.09531018,0.068279489,-0.013998919,0.047912289,0.04084073,-0.004338402,0.054352601,0.063590405,0.003454235,0.025771734,0,-0.015187027,-0.019345841,0.03333642
-0.003378821,-0.015037877,-0.00925668,-0.031987675,0.095101651,0,-0.267872161,-0.016791724,0.033705454,0.004338402,-0.038501547,-0.036689757,-0.036792573,0.011127253,-0.721495536,-0.02350416,-0.004008021,-0.010359534,-0.028192343,-0.009884759
-0.0141586,0.020619287,0.015889169,-0.025170738,-0.001565354,-0.019268419,-0.061366312,-0.054734521,-0.034821695,-0.032916815,-0.021252276,-0.021821416,-0.370214556,-0.063446222,0.009855429,0.015730661,0.019881371,0.01627579,-0.033794965,-0.011098893
-0.011286052,0.042142088,-0.029296675,0.005865119,-0.018445846,0.886420728,0.017548158,0.064538521,-0.012567215,-0.018604348,0.030554668,0.014059411,0,1.00829227,0.018492926,0.061607809,0.019493795,-0.009984482,0.011919092,0.027519623
1.582964436,0.034612789,-0.05224913,-1.917372404,-0.042374618,0.03267768,-0.054514278,-0.03316591,1.543545819,2.213709452,-0.047887794,0.438565843,-0.021362628,-0.104720311,0.053216909,0.0166324,0.050198744,0.048655765,0,0.095211468
-0.024752083,-0.028583333,0.015510788,0.005719749,0.046620909,-0.014686764,0.002751664,-0.023275401,-0.001299156,-0.029761417,0.017333125,-0.039377794,0.048725899,-0.009969531,0.029878945,-0.018731037,-0.017284381,-0.00839837,0.010794245,0.015671232
0.002840719,0.01891475,0.009132484,-0.00190295,0.095406477,-0.000379435,0.01409755,-0.003231021,0.053919842,0.012372792,0.057953643,0.010159248,0.027885203,0.033373509,0.025953502,-0.015881753,-0.011271253,-0.015786606,-0.020140108,-0.035612072
0.013684142,-0.007313284,0.082615766,-0.011494379,0.005760938,-0.014141264,0.069970793,-0.016313575,0.004349066,0.029400781,-0.012236726,-0.012203541,-0.023780529,0.014739232,0.045722249,0.009559287,-0.010126669,-0.018530487,0.019372942,-0.02137486
0.012710352,0.040752086,-0.03502249,0.01339733,0.077793983,0.031820867,-0.023645792,0.006557401,0.043204061,0.009611258,0.042844572,0.019922996,0.004342835,-0.018340582,-0.001863933,0.011560822,0.005076153,-0.002809429,0.071088398,0.003081667
0.09529822,0.004352928,-0.068137805,0.016965534,0.012761449,-0.006358727,-0.002806262,-0.043071254,0.014530707,-0.056340334,0.017753227,-0.017198198,-0.041374446,-0.089710203,0.069738862,0.014523077,-0.024344572,-0.026609109,-0.051330916,-0.050483905
0.006675433,-0.052472177,-0.017241806,-0.047856021,-0.08197578,-0.05634206,-0.104976288,-0.064106453,-0.038117137,-0.069913258,-0.103930923,-0.049504705,-0.013372759,-0.032612534,-0.105277662,-0.069287162,-0.035647339,0.00288508,-0.072546421,-0.082022372
-0.004644248,0.010856349,-0.000683463,0.00781254,0.001422813,0.002775027,0.003594971,0.016952615,-0.000370096,0.028592826,0.012304935,-0.017303965,0.032581348,0.05433776,-0.029995241,0.019672766,0.021277398,0.002557546,0.017642799,0.036785757
-0.020256299,-0.028977292,-0.043768299,0,-0.063591103,-0.042456346,-0.070617567,-0.018408749,-0.427357647,-0.023279422,-0.047192194,-0.048808346,-0.092499435,-0.093196901,-0.03151005,-0.025206814,-0.037537919,-0.046398391,-0.04221406,-0.047380323
-0.022168396,-0.060602213,-0.03434948,0,-0.105360516,-0.073250462,-0.033149323,-0.067432809,-0.060988266,-0.08112278,-0.105470099,-0.064665804,-0.082810017,0.010085352,-0.063657852,-0.088121871,-0.069285654,-0.053584246,-0.096554735,-0.098154458
0.09485723,0.095483325,0.001343184,0.026770241,-0.038906509,0.039647972,0.07365291,0.030322799,0.030300848,0.015209419,0.018458722,0.076432879,0.05351133,0.069588692,0.046776065,0.029852963,0.027438544,0.032971927,0.020787011,0.015544354
0.004633038,0.095373134,0.01014966,0.07975239,0.095098001,0.002559728,0.009569451,0.009407407,0.053412481,0.012914156,0.053415838,0.011257155,0.000588582,0.003058626,0.023905521,0.044860886,0.037740328,-0.008571971,0.022989518,0.053796585
-0.026387961,0.005649733,0.009784555,-0.050010421,-0.035640921,-0.048896689,-0.053931564,0.021490268,-0.017912598,-0.045948593,-0.053953907,-0.066331172,-0.041754075,-0.070824496,-0.083280177,0.010072833,-0.037740328,-0.013520747,-0.026573751,-0.05122919
-0.072977782,-0.030184976,-0.089406588,-0.09402895,-0.105421601,-0.105111976,-0.105360516,-0.0290091,-0.073521608,-0.105240143,-0.105480126,-0.104120809,-0.101618378,-0.105340281,-0.090503998,-0.094530973,-0.051143358,-0.095903724,-0.104961633,-0.105360516
-0.00724822,0.09090165,-0.105360516,-0.032722756,-0.105564161,-0.006982572,-0.10529688,-0.105360516,-0.012078734,-0.105253529,-0.105227616,-0.017407268,-0.004083027,-0.105315551,0.002772005,0,0.011922645,-0.056503276,-0.100608338,-0.052643733
0.078835987,-0.040269864,0.038421033,0.076036613,0.085822619,0.065382759,0.048744711,0.074706775,0.064769228,0.039590962,0.070542058,0.084155735,0.09521719,0.076161361,0.092475086,0.067441281,0.044902547,0.089751522,0.066122162,0.095856031
-0.063156223,-0.0580788,-0.023347364,-0.053425167,-0.105014435,-0.050972572,-0.105360516,-0.032426724,-0.036260853,-0.105360516,-0.086617421,-0.053561463,-0.000620155,-0.056570351,-0.089710744,-0.044451763,-0.041943965,-0.058142569,-0.090676967,-0.016506565
-0.070193034,-0.105468852,0,-0.087011377,-0.104976122,-0.023460023,-0.105360516,-0.105449837,-0.082387609,0.014180612,-0.103786243,-0.031945929,-0.027355895,-0.104968666,-0.043370097,-0.091370582,0.053211689,0.004323056,-0.093503903,-0.012561226
-0.006644543,-0.105400643,0.022885719,-0.10511418,-0.105275115,-0.031292628,-0.091203398,-0.105410142,-0.010608015,0.00952922,-0.104944456,-0.07925402,0.019571332,0.003910073,-0.027028672,-0.104923739,-0.056170271,-0.021003348,-0.103157265,-0.050406638
0.013245227,-0.021087562,-0.031584864,-0.004938282,-0.105265634,0.020119327,0.024692613,-0.058765309,0.05163778,-0.056518697,-0.102406849,0.029336078,-0.012266233,0.026475674,0.026668247,0.045527065,0.083796338,0.065864234,0.010944022,0.064353866
-0.063556547,-0.103540679,-0.105360516,-0.10426101,-0.10493893,0.025215658,-0.10531609,-0.105360516,0.031592874,-0.105426109,-0.104848614,-0.105360516,-0.105360516,-0.103514767,-0.038961194,0.042211849,0.017556157,-0.024289619,-0.092592787,-0.001386002
-0.105173582,-0.105360516,-0.082951945,0,-0.105477605,-0.091730936,0.068667037,0.089979677,-0.030347156,-0.097411435,0.022268127,0.000526454,0,0.05234648,-0.105443811,-0.105360516,-0.105806845,-0.105232466,-0.105360516,-0.096003902
0.09531018,0.09531018,0.095318897,0,0.094884285,0.095210929,0.095272473,0.09526159,0.095366766,0.095441638,0.095401176,0.09531018,0,0.09531018,0.095272316,0.095983354,0.060624622,0.095193772,0.094857793,0.096003902
0.083630799,0.095393656,0.095294331,0,0.09540699,0.095535735,0.095241619,0.095398523,0.083941644,0.095220551,0.095392896,0.09531018,0,0.09531018,0.095275757,0.09371831,0.028987537,0.07294315,0.094898742,0.08504458
0.002731354,0.095461936,0.095317384,0,0.09504613,0.018767307,0.095403671,0.09514955,-0.018775579,0.095391661,0.095385371,0.095349722,0.095368304,0.09531018,0.094527523,0.004889985,-0.02340093,-0.011246264,0.095434876,-0.005108568
-0.032876418,-0.044606968,-0.016781477,0.09531018,0.044757901,-0.059739666,0.095338509,-0.03889948,-0.063611185,0.095260798,0.011215071,-0.030104621,0.017000842,-0.020110714,-0.060683346,-0.078620955,-0.026818827,-0.066754278,-0.003747662,-0.068901418
-0.053768981,-0.040888108,-0.034280555,-0.090322638,-0.105547589,-0.067047933,0.034798222,-0.105128578,-0.071872316,-0.063715814,-0.104947548,-0.099311655,-0.105360516,-0.105403104,-0.105175656,-0.066827859,0.044762718,-0.036945612,-0.105499588,-0.052087776
0.019080265,0.02328061,0.027665316,0.017263067,-0.02846492,0.019408422,0.095434535,0.051084553,0.02428905,-0.418710335,-0.001652893,0.077061046,0.009164229,0.045987506,0.03558836,0.019553696,-0.02774103,-0.009351562,0.035522861,0
0.033614314,0.036857748,0.052435709,0.054710432,0.048835995,0.03391798,0.095287571,0.086092783,0.046876801,0.094946477,0.095385371,0.048790164,0.07453479,0.067432438,0.050097432,0.029974996,-0.004228336,0.036105005,0.071227509,0.041053182
-0.001613771,-0.031221663,-0.00476993,-0.00464038,0.026233978,-0.016330814,0.095042946,-0.003240181,-0.051925817,0.095343249,0.050578753,-0.009569451,-0.00732604,-0.020357915,0,-0.0121541,0.008438869,-0.033249608,0.007472015,-0.013966707
0.009377162,0.010780699,0.033601502,-0.009345862,0.030771659,0.065597282,-0.052332615,-0.006920443,0.347521075,0.00231214,-0.011502643,-0.017377685,0.051866659,0.010806744,0.015488525,-0.004084417,-0.015526071,-0.004081638,0,0.004210533
-0.024975986,-0.001987677,-0.010594406,-0.011806513,0.053109825,-0.016000341,0.030298883,-0.011503824,-0.015083242,0.000989283,0.033419392,-0.00449439,-0.022022347,-0.00906205,-0.01074918,0.006798123,-0.00570615,-0.018159806,0.017220598,-0.019802627
0.01962838,0.018920549,0.04349827,0.025792755,0.057432049,0.007346222,0.009205086,0.043660936,0.02550776,0.009186416,0.022814678,0.031441526,0.034234544,0.02976751,0.026988145,0.030689533,0.004282662,0.021834029,0.024097552,0.05692029
0.033611072,-0.007446634,-0.012045946,-0.028170877,-0.037919235,-0.030657301,0.075772558,-0.039125781,-0.020202707,0.008779117,-0.026317308,-0.022067094,-0.033093317,-0.026480259,-0.022607346,-0.023937313,-0.004282662,-0.02642598,-0.036367644,-0.034320458
-0.088721434,-0.105273099,-0.105375313,-0.105360516,-0.105181609,-0.098049778,-0.105360516,-0.105314811,-0.105276535,-0.105396486,-0.104970728,-0.104684612,-0.105455568,-0.105360516,-0.105211083,-0.104911985,-0.105519486,-0.105360516,-0.105360516,-0.105981441
0.033429297,0.020761991,-0.001184483,-0.024097552,-0.093701457,0.032252604,-0.035811687,-0.027805313,0.027008518,-0.094231625,-0.085383,0.004045859,0.016030518,-0.065826351,0.023626053,-0.00900907,-0.022508989,0.030673039,-0.016597891,-0.057523844
0.01089929,0.032845058,0.031713975,0.0527827,0.07382727,0.025368185,0.095350601,0.041423317,0.023906808,0.060950075,0.095464513,0.048170433,0.043624425,0.052003237,0.038996177,0.042810965,0.014528101,-0.009513096,0.0867789,0.054413422
-0.022057199,-0.009573434,0.019753378,-0.047377281,-0.032455329,-0.06755551,0.070608381,-0.059441823,-0.034920316,-0.057005296,0.003081667,0.008938131,-0.05680729,-0.062597532,-0.027389228,-0.039798915,-0.012903405,-0.050886123,-0.036462373,-0.03971928
0.018935802,0.037352998,0.023433955,-0.002699057,0,0.022858138,-0.105360516,-0.009615459,0.041126081,-0.055862357,-0.055350095,0.000847099,0.025270413,0.017671143,0.018932518,0.020834087,-0.026317308,-0.004319661,0.00924099,0.003236249
0.021647904,0.010022132,0.029658887,-0.016349138,-0.085555835,0.030351343,-0.105383766,0.060908753,0.040720467,-0.08104932,-0.104457581,0.003803089,0.041339421,-0.094150707,0.062745513,0.062788095,-0.037355787,-0.016489219,0.05869031,0.012841268
0.010189991,0.029477473,0.030488564,0.045645507,0.082724309,0.019734237,0.095289043,0.091169387,0.031924779,0.095515371,0.095474262,0.033999958,0.031425338,0.095060211,0.022022254,0.002762433,0.02562053,0.027491483,0.034108057,0.026752185
-0.01125467,-0.024305391,-0.032358472,-0.032002731,-0.021978907,-0.026232635,-0.012121361,0.020128016,-0.038955223,0.041396306,-0.000820681,-0.019761862,-0.029063365,-0.014882931,-0.033722204,-0.026556417,-0.020443642,-0.034853479,0.03066278,-0.028348355
-0.010575027,-0.018018506,-0.017532479,-0.013642776,0.000965717,-0.00050163,-0.060410695,-0.030555639,-0.031155168,0.067364249,-0.694761386,-0.014659948,-0.020256874,0.00849896,0.027199023,-0.0258264,-0.010380716,-0.022416879,-0.03908135,-0.017728103
0.009509212,0.01682732,0.013580831,0.03509132,0.069893367,0.010481753,0.037908664,0.048690329,0.015075662,0.095410553,0.041145044,0.011328,0.020551729,0.049748185,0.007822726,0.020144566,0.017241806,0.021431172,0.01676686,0.664887843
0.020711775,0.037048495,0.02897028,0.036462373,0.06532579,0.03416633,0.07481107,0.034540325,0.030091309,0.072266197,0.09531018,0.040872056,0.037325322,0.055452208,0.036657491,0.095051146,0.045120435,0.09539983,0.045277612,0.095599657
0.005209023,0.026073648,-0.02341564,0.010178205,0.028264558,-0.003364579,-0.02925631,-0.000771903,-0.012019924,-0.00499221,0.006322466,0.013129291,-0.017476451,-0.021224267,-0.019596076,0.003878479,0,-0.009005014,0.007914117,0.017217068
-0.022195408,-0.028373381,-0.015129899,-0.023048395,-0.018197359,-0.019937446,-0.005871269,-0.059659836,-0.031882025,-0.014175698,0.004889985,-0.024001152,-0.032905436,-0.016753652,-0.029804603,-0.005174656,-0.013158085,-0.005897046,-0.040212196,0.021112677
0.001592357,0.009547523,-0.018739435,0.025576842,0.051251557,-0.004430231,0.008794027,0.015857214,-0.000790451,0.095252495,0.095626886,0.006456842,-0.003590668,0.012538683,0.050339206,0.002590675,0.004954593,0.008155913,0.023176008,0.001391789
-0.008388306,0.040593918,0.02151355,0,0.092349996,0.007372852,0.000833507,-0.015857214,0.003158064,-0.046643638,0.019442444,-0.020317643,-0.019676736,-0.028273462,0.003745323,-0.015645691,0,0.012110487,-0.018497637,0.031487885
0.000668315,0.001823155,0.03700933,0.044451763,0.065757951,0.017476173,0.050564014,-0.020286351,-0.004582453,-0.034433159,0.053805664,0.000410425,-0.012613611,-0.015986325,0.024920533,0.020806993,-0.008271346,-0.0202664,0.002331003,0.001346802
-0.050562177,-0.088701826,-0.091008986,-0.088329769,-0.105586224,-0.054388094,-0.105360516,-0.102993321,-0.049677476,-0.105464786,-0.105425916,-0.041044287,-0.068882307,0.052672034,-0.105326754,-0.105789608,-0.032070259,-0.078527326,-0.105489873,-0.103418332
0.02196363,0.030578627,0.04340317,0.036273407,-0.009070357,0.007593051,-0.008617886,0.022009141,0.020102835,0.058721321,0.013641004,0.00681724,0.056734517,0.071516734,0.003370411,0.069088241,-0.006884709,0.014170772,0.025544173,0.09531018
-0.020138171,-0.019887573,-0.082230294,-0.015384919,-0.002494804,-0.017294429,-0.094422868,-0.049266468,-0.023103338,-0.068150411,-0.084083117,-0.002125399,-0.028932236,-0.065669986,-0.066424552,-0.049257563,-0.033365694,-0.042622904,-0.042504788,0.041201841
-0.026873018,-0.09886118,-0.094969194,-0.05579136,-0.096976847,-0.025462534,-0.037524591,-0.04831386,-0.049625237,-0.027749913,-0.055549801,-0.032435276,-0.066691374,-0.105291117,-0.064226931,-0.048860293,-0.021661497,-0.081731897,-0.058242593,-0.043919234
-0.105376528,-0.105360516,-0.10539675,-0.106575583,-0.105360516,-0.105360516,-0.105388653,-0.105360516,-0.105360516,-0.105280352,-0.105525383,-0.105116345,-0.105360516,-0.105283412,-0.099922025,-0.105524168,-0.093669191,-0.105360516,-0.105825524,0
-0.050745638,-0.063830237,-0.105370581,-0.105698296,-0.105247259,-0.104710954,-0.105235469,-0.029886634,-0.031887047,-0.105137873,-0.105085753,-0.103842571,-0.105360516,-0.10533196,0.020134908,-0.105178681,-0.105583208,-0.105496192,-0.10449956,-0.105024889
0.044964347,0.012282652,0.036080019,-0.023932766,-0.05949276,0.0319516,-0.105395249,0.022078451,0.016961396,-0.105558418,-0.105157036,0.022496932,0.013110782,-0.059411765,0.039092926,-0.063811513,0.017660503,-0.025422187,0.01537178,-0.065881705
0.044262678,0.072580866,0.002908388,0.044000329,0.061755204,0.063948725,0.095341756,0.037366985,0.045827255,0.052529541,0.036948786,0.095406477,0.043172172,0.085621523,0.08384476,0.041751795,0.038631413,0.067925264,0.065597282,0.062520357
0.035569395,0.039875473,0.030695385,0.054764085,0.087576189,0.031933047,0.095396291,0.062716474,0.038740828,0.078090641,0.09531018,0.057532815,0.077780439,0.063320812,0.037128071,0.061280431,0.057275366,0.030732252,0.076372979,0.080819407
0.031037479,-0.007757283,-0.064363296,-0.038343355,-0.066334474,0.027615167,0.095205801,-0.077386664,0,-0.090847724,-0.054958884,0,0.002602716,-0.026724702,-0.036026951,-0.001749782,-0.016032408,-0.051094204,0.014598799,0.01693651
0.030942009,-0.019894249,-0.105382765,0.028894466,-0.09752502,0.023620983,-0.105302526,-0.103719826,0.030995131,-0.105202024,-0.105151289,-0.045957301,0.000742391,-0.044134886,-0.075406857,0.036117425,0.027890254,0.007931304,-0.00290276,-0.007662873
-0.002378788,0.0166825,0.013810085,-0.006349228,-0.059025292,0.034154867,-0.058506686,0.049165957,0.017974905,-0.067183326,-0.105825524,-0.030153038,0.043208754,0.016676318,0.057268288,0.052643733,-0.040085527,-0.021291556,-0.078590275,-0.023347364
-0.064818751,-0.045120435,0.022887273,-0.003189795,0.024282343,-0.082537948,-0.089333608,-0.020438668,-0.068772664,0.025656734,0.034289073,0.029162449,-0.047671387,-0.021170707,-0.037295038,-0.044233255,0.010235504,-0.007424941,0.007830894,-0.028755975
0.023634778,0.019048195,0.035087622,0.012698583,0.074198156,0.023093113,0.091483156,0.055091382,0.021779445,0.085449953,0.047183738,0.036969191,0.037312302,0.050504695,0.066015716,0.014962873,0.02613214,0.032002731,0.024654562,0.003236249
0.031328902,0.028825799,0.025959557,0.021841742,0.05474571,0.012175026,0.024243612,0.081459047,0.00893661,0.0469106,0.069350078,0.027786106,0.013552276,0.055953191,0.012982512,0.017989038,0.021590633,0.028462465,0.031463269,0.028664383
-0.022752645,-0.033080119,-0.012180419,-0.03135053,0.031679329,-0.005515734,0.013087635,-0.036157987,0.007092228,-0.023921082,0.034401427,-0.011679647,-0.030572422,-0.038967645,-0.022098345,-0.022951827,-0.019608471,-0.034385483,-0.028423753,-0.017419284
-0.010183387,0,-0.017617516,-0.003189795,0.042111485,-0.013923923,-0.015485717,0.005852637,-0.014772895,0,-0.00873368,-0.000470035,-0.010648164,0.842812774,0.041964199,-0.008326443,-0.00595831,-0.008617886,-0.001518603,-0.008019289
-0.002928689,-0.052515712,-0.089196488,-0.066030582,-0.105360516,-0.037136515,-0.105293825,-0.105065835,-0.013902905,-0.052750565,-0.105793791,-0.045200002,-0.077891707,-0.105475783,-0.070574733,0.009983444,-0.034451229,-0.07677464,0.095586461,0.011209085
-0.042846578,-0.010539621,-0.061996301,-0.045383006,-0.094852095,-0.008182395,-0.105397566,-0.028692943,-0.024478999,-0.10074157,-0.10499944,-0.02087551,-0.019339845,-0.092317544,-0.004154869,-0.063214894,-0.002063984,-0.028437935,-0.086509243,-0.04062297
0.054655156,0.065893556,0.095299188,0.072320662,0.094852095,0.059795778,0.095343862,0.090391548,0.042318917,0.095519626,0.086409511,0.072168804,0.080856046,0.095195244,0.071915671,0.058235631,0.032523192,0.065139302,0.07818742,0.048553225
-0.029413885,-0.034602203,-0.022115698,-0.033786998,-0.023176008,-0.030305349,-0.018355376,-0.001108648,-0.035633656,-0.015831465,-0.03710375,-0.047856021,-0.026617541,-0.011560822,-0.042084973,-0.030407748,-0.010050336,-0.042469227,-0.041228298,-0.023981965
-0.013523873,0.017450758,0.095320395,0.003430535,0.039085435,-0.011461444,0.054085277,-0.010033529,-0.012103304,0.031931527,0.002288331,0.03563208,0.00230947,0.015003167,0.004033003,-0.001716739,0,-0.00362188,-0.004363643,0.001616815
0.013374608,0.024680892,0.015710048,0.016978337,0.04518675,0.021665614,0.09539881,0.031433523,0.013767659,0.040389134,0.058807846,0.042599033,0.041052648,0.056235244,0.025647062,0.006849342,0.010050336,0.01154414,0.025900728,0.009646377
0.015111399,0.000937207,-0.010513643,0,-0.003237995,0.005063302,-0.005925943,0.033630071,0.013216051,-0.005457716,0.018153195,-0.009107531,0.011009286,-0.00379713,0.009229742,0.008496228,0.00796817,0.019887019,-0.012866511,0.00796817
-0.010494517,-0.025618099,0.007088637,-0.027305451,-0.013057857,-0.022702451,0.009170305,-0.037437527,-0.03205462,0.015794998,-0.035544937,0.011371512,-0.025130665,0.000814885,-0.035975102,-0.037935583,-0.038427377,-0.041642772,-0.036634133,-0.035544937
-0.00970519,0.019510493,0.014028286,0.010327114,0.014138354,0.034972543,0.016934711,0.014606697,0.016989114,0.094775801,0.095110798,-0.005897046,0.042497237,0.020425327,0.03349854,0.003508776,0.002059733,0.00948566,0.010393561,0.003284075
-0.017404904,-0.015194974,-0.045809536,-0.027779564,-0.039652772,-0.002775467,-0.060570338,-0.031090587,-0.000740741,-0.052583541,-0.022178328,-0.771674507,-0.006477173,-0.060874054,-0.00212766,-0.026620915,0.002055499,-0.034728278,-0.049972547,0.032260862
-0.004590674,-0.007202912,0.030771659,0.007017573,0.021123631,-0.004456832,0.026109558,0.018661354,-0.002411204,0.039130424,0.025164891,0.011741818,0.031624593,0.045324143,0.00212766,0.007168489,-0.008247469,0.011958289,0.004647568,-0.025724891
-0.027207275,-0.014074486,0.003931655,-0.024780029,-0.027888032,-0.019735628,-0.034759597,-0.04447648,-0.014967539,-0.016845379,-0.037472739,-0.021633095,-0.02514742,-0.038280869,-0.019675112,-0.023487981,-0.023037668,-0.008955284,-0.0234569,-0.021399994
0.008630889,0.003902444,-0.02331013,0,0.002259888,0.002275314,0.094378937,0.003405225,0.026782334,-0.023694488,0.095403993,0.000993542,-0.008645587,0.002523484,0.001444044,0.021700671,0.004228336,0.017831082,0.006309169,0
0.031074643,0.029265701,0.038388552,0.031748698,0.049542327,0.028013036,0.030583423,0.038348683,0.045384885,0.078196587,0.035026622,0.051293294,0.025715703,0.060838742,0.032999269,0.031692793,0.031155168,0.048860293,0.034006368,0.021399994
-0.001364153,0.002361276,0.035057144,0.006920443,0.032755173,0.005509656,0.006006024,0.036932214,0.015487998,0.012959145,0.002713706,0.003766483,0.020935866,0.045081684,-0.002796227,0.005185837,0.028227681,0.016000341,0.018072781,0
0.037948159,0.036131767,0.014346358,0.047146778,0.046708998,0.03509132,0.03372008,0.042187326,0.042595589,-0.005595022,0.036367644,0.046819014,0.058998341,0.050348264,0,0.03056265,0.023576731,0.057656718,0.043802623,0.039909526
-0.001168907,-0.002277387,0.031477461,-0.009917437,0.001982161,-0.005319161,0.027512766,0.008028141,0.005281412,-0.000431686,0.093883759,0.018658915,0.020300359,0.005732043,0.027956955,-0.006711435,-0.011718884,-0.005880448,-0.010050336,-0.0078555
-0.010286645,-0.005486982,-0.03166614,-0.006666691,-0.024049255,-0.019386714,-0.038094875,-0.025304994,-0.01242252,0.003448279,-0.06554352,-0.011509645,-0.027487583,-0.035882637,-0.024114155,-0.010152371,-0.003937013,0,-0.024836923,-0.001578532
0.011747565,0.021320835,0.021098617,0.023141529,0.0475337,0.015110919,0.031673895,0.019792577,0.011599136,0.009848078,0.0184569,0.012389539,0.022370847,0.095287738,0.014881742,0.015190165,0.011764842,0.029698761,0.024836923,0.053817751
-0.001314732,0.011602094,-0.001386642,0,0.024834132,-0.002144773,-0.000773296,0.006012042,-0.006943324,-0.000852515,0.005801923,0.006137678,0.017480184,0.00893661,0.048282928,0.010000083,0.015474197,0.010756194,0.020000667,0.022206686
-0.019334969,-0.013399039,0.035442147,0.006514681,0.017765778,0.003215437,-0.021371676,0.008950831,-0.004655812,0.034782471,0.02449102,0.024180798,-0.032989381,-0.000890076,-0.007227364,-0.010000083,-0.011583141,0.014990912,-0.012811563,-0.025205189
0.010230647,0.006721961,0.00445435,0.006472515,0.019275494,0.004803852,0.024461277,0.009852296,0.001665279,-0.008271346,-0.012987196,0.011031083,0.009721399,0.021799828,-0.001980199,0.010000083,0.003875974,-0.00684295,0.019858809,0.025205189
-0.014711611,-0.042889785,-0.036203049,-0.05299253,-0.037985113,-0.014481347,-0.105360516,-0.09237332,-0.008186496,-0.105452805,-0.104997473,-0.075342099,-0.039130424,-0.092352241,-0.043896311,-0.038889093,-0.005819609,-0.069126642,-0.051884835,0.017416986
0.008645157,0.016185324,0.074568695,0.013513719,0.071068148,0.018201787,0.04714302,0.028096203,0.006521217,0.0277606,0.02950594,0.02693161,0.095249206,0.047583603,0.016772599,0.010291686,-0.00781254,0.026404174,0.013225762,0.019943681
0.022743259,0.039573509,0.046792162,0.039478811,0.009628083,0.026696168,0.007330018,-0.012095861,0.023065273,0.024386045,0.010517187,0.048410489,0.040041202,0.03623747,0.007440007,0.010186845,0.005865119,0.022545238,0.010167117,-0.018505866
-0.003342298,-0.001323627,0.004073325,-0.006472515,-0.017575145,0.014868256,0.040551468,-0.018692133,-0.006535971,0.011324163,0.01642925,0.010910725,-0.017134836,0.022375214,-0.007440007,0.001687764,0,0.009508788,0.017192401,-0.018854801
-0.00994742,-0.007533827,0.03255376,-0.009788006,0,-0.020046932,0.07262264,-0.028432752,0.001146883,-0.013516665,0.095621998,-0.002507314,0.002975307,0.034832017,-0.002378931,-0.008467451,-0.007827829,-0.006964257,-0.012866511,-0.008823587
-0.010790142,0.014573011,-0.039488318,-0.019868203,-0.047195691,-0.037021679,-0.054604134,0.007184336,-0.004266498,0.006126934,0.095097587,-0.032315737,-0.051825068,-0.029475818,0.014189427,-0.006825965,-0.005911347,-0.03162574,-0.020349539,-0.026947738
0.012259219,0.034047676,-0.005335535,0.003338901,0.007407441,0.013379916,0.022699588,-0.001101928,0.032996686,0.012142387,0.095245749,0.000863931,0.013055827,-0.016589845,0.013990901,-0.010327114,0.001974334,0.002619517,0,0.007558615
-0.011367953,0.024279133,0.02599659,-0.006688988,-0.004623217,0.003184716,-0.0107811,-0.021170707,-0.005264429,0.033901552,0.095193022,0.054612478,-0.00837344,-0.005009267,-0.000330852,-0.019214565,-0.007920833,0.037231515,-0.014793169,-0.00452831
0,-0.009975145,-0.033431568,-0.030666798,-0.003714025,0.011591278,-0.021917289,-0.025086834,0.013977356,0,0.013961832,0,-0.012850827,-0.028794902,0.025483248,-0.02139119,-0.018054653,-0.02101319,0,-0.040128841
-0.013681338,-0.024953716,-0.035274942,0,0.009259325,0.004703432,0.032448981,-0.01044699,0.024461763,-0.007154244,-0.022788015,-0.021071155,-0.005060099,-0.000224744,-0.012007284,0.003597126,-0.006091389,0.014692056,-0.003030305,-0.003154577
0.034663195,0.046850893,0.048781984,0.037355787,0.062520357,0.030803257,0.046542692,0.060006681,0.050130544,0.059239304,0.030270064,0.037614129,0.052497388,0.08732975,0.030544088,0.031804801,0.036003889,0.095483105,0.040154093,0.043283418
0.01249653,0.014201902,-0.037847311,0.019802627,-0.014828008,0.014554837,-0.024097552,0.011472401,-0.003078956,0.00150263,0.00685717,-0.019048195,-0.022513881,-0.028200302,0.004423388,0.029136594,0.025219571,0.071717303,0.031566466,0.067276826
0.003891336,0.006425725,0.012495941,0.01620781,0.025164018,0.002488182,0.018366877,0.018299757,0.009208572,0.008596577,0.002275314,0.019868203,0.018293193,0.045961308,0.02182812,0.006734032,0.007633625,0.095115077,0.008438869,-0.005673774
0.013430692,-0.003207701,0.002848766,0.003210276,0.000856531,0.000993542,-0.019342963,-0.001601281,0.012866097,-0.010475217,0.011299555,-0.001640689,0.014099529,0.008663296,-0.002161495,0.01167653,0.016965534,-0.005380302,0.006978395,0.004258346
-0.001420253,-0.000803536,0.004008021,0.006389798,0.026194992,-0.017531128,-0.004649464,0.013793322,-0.019288539,0.020841841,0.004484312,-0.004938282,-0.001192251,-0.010080731,-0.062500414,-0.003322262,0.007448824,0.014122465,-0.004181191,-0.014265577
-0.000995379,-0.005238779,0.020047695,0.003179653,0.001666667,0.01205439,0.004405293,0.002630888,-0.012080288,0.016438726,-0.018059182,0.038839833,-0.000298285,0.010682355,0.020840872,0.006633523,-0.007448824,0.0086664,0.009729055,0.010007231
0.008499839,-0.011377612,0.002447383,-0.009569451,-0.007521974,-0.003500879,0.084307106,0.050715093,-0.008484088,0.004338402,0.01637992,0.018089365,0.012157303,-0.029707169,-0.01101761,-0.021721823,-0.013170463,-0.034133006,-0.020965128,-0.027398974
-0.009781069,-0.027762297,-0.006785784,-0.019418086,-0.026350866,-0.013111635,-0.045957301,-0.042863704,-0.030351343,-0.052205079,0.009478744,0.02691435,-0.058251225,-0.014981554,0.679035336,-0.022204157,-0.021053409,0.004948056,-0.018532248,-0.022173857
-0.001853569,0.028987537,-0.017377351,0.003262646,0.057732467,0.009598457,0.011321804,-0.004179734,0.000308119,0.051483318,0.062907058,-0.003039516,0.033182768,0.086312321,-0.006806054,0.003448279,0.003861009,-0.017928767,0.011445046,0.002985077
0.024946682,0,-0.02613146,0.003252035,0.09531018,-0.001006036,0,-0.023842189,0.007366516,-0.010524503,-0.08933536,-0.015337724,-0.013999011,-0.06659191,-0.006525309,0.011976191,0.003846159,0.014962873,0.001421464,-0.002985077
0.006382705,-0.013560923,-0.019991146,-0.013072082,-0.007418432,0.011508759,-0.020272635,-0.035474388,0.533691799,0.003278094,-0.076345846,-0.017147731,-0.035244565,-0.032378808,-0.012516632,-0.003407158,-0.009643276,0.028308381,-0.009992945,-0.005997019
-0.00415801,0.011518021,0.01947692,0.035544937,-0.000744879,0.017263067,0.027830881,0.020347141,0.003854758,0.018375585,0.017677998,0.028673022,0.034324743,0.02702018,0,0.008496228,0.005797118,0.013859242,0.012829827,0.026707819
-0.012578782,0.015825041,0.00145629,-0.003179653,0.04373875,-0.013786531,0.007983591,0.041583816,-0.004627496,0.038176585,-0.01952472,0.06004026,-0.012967147,-0.010177676,-0.00066313,-0.003389834,-0.003861009,-0.025962997,0.008462674,-0.001465202
-0.000703482,-0.012966146,-0.014572364,-0.016051709,-0.013644736,-0.010967209,-0.012365293,-0.017914072,0.001081666,0.001716739,-0.004941332,-0.021819047,-0.029645817,-0.002089865,0.00033162,-0.010238997,-0.009718249,-0.021167416,-0.014144507,-0.020741484
-0.013461061,0.000407747,0.017307876,0,0.029916761,0,-0.003176545,0.056331088,-0.011806879,0.021717854,0.0104713,-0.012578782,0.010191171,0.014538158,0.001325381,-0.005159083,0,0.009408339,-0.008583744,-0.004501133
0.003702126,-0.001223741,0.007314824,0.016051709,0.006295928,0.004002006,0.013853667,-0.00301963,0.007938403,0.064664394,0.028392122,0.008157257,0.048246834,0.016360283,-0.00464654,0.001722653,0.00389864,-0.009905975,0.002869442,0.00150263
0.001278318,-0.008196767,0.015139061,-0.019293203,0.03022208,0.007956283,0.063587671,0.021441859,-0.015625318,-0.028728436,-0.014397369,-0.018636395,-0.027860366,-0.034041451,-0.010702443,-0.001722653,0.0038835,-0.010005086,-0.007189104,-0.006024115
-0.020796734,-0.049345874,-0.01853465,-0.049927174,-0.027436563,-0.050277153,-0.059973645,-0.074753317,-0.015873349,-0.053204036,-0.085090674,-0.037566702,-0.035712438,-0.083564116,-0.040135725,-0.051293294,-0.051701374,-0.10541638,-0.076441695,-0.060719037
-0.019315789,0.003021802,-0.02435891,0,-0.012596388,0.001561281,-0.026317308,-0.017699577,0.00796817,0.033912936,-0.038904974,-0.014162314,0.023844716,0,0.001049502,-0.005459522,0.002038737,-0.015198716,0,-0.001606426
0.008826183,0.025113046,-0.008487604,0.003407158,0.031880732,0.00828591,0.006153866,0.054750515,0.031252544,-0.000330196,-0.022130917,0.00316456,0.001569613,0.009084777,0.021446688,0.007272759,0.004065046,0.007909646,0.004662013,-0.001609011
0.042998885,0.044798944,0.003070851,0.023530497,-0.019284344,0.014337163,-0.031408364,0.024292693,0.037740328,-0.049764879,-0.004907125,-0.010321648,0.010298109,-0.006350668,0.028674591,0.028573372,0.031938843,0.057408492,0.064538521,0.030137094
-0.01412852,-0.001206515,0.095349999,0.022989518,-0.004181191,-0.004585995,0.014081198,0.014888612,-0.008779165,0.030424497,0.031133611,0.005571045,0.048183839,0.027823199,0.000664894,-0.001762115,0.009775249,-0.004259857,-0.010226532,0.001561281
0.002983592,0.005617992,-0.016622216,-0.019672766,0.005571045,-0.003581482,-0.031450728,0.006383523,-0.00780199,0.022966561,-0.012337374,-0.024097552,-0.024862745,-0.007329294,0.001660303,-0.025001302,-0.021633095,-0.027043292,-0.023775265,-0.026879089
0,0,0.09531018,0.003305788,0.026046709,0.00765896,0.008211491,0.055688906,-0.009686772,0.036508658,0.016416237,-0.013093477,0.02338236,0.020737562,0.010561154,-0.003623192,-0.00199005,-0.018816272,0.004501133,0.003200003
0.006368566,-0.032123112,-0.013711536,-0.023373351,-0.033015378,-0.026283399,-0.00975868,-0.038221213,-0.022455573,-0.04244927,-0.047231,0,-0.038971855,-0.028570208,-0.023585215,-0.02016567,-0.022155992,-0.014631662,-0.025778531,-0.024253412
-0.000828386,0.00247627,-0.000895924,-0.003384098,0.032338559,0.007284111,0.00643089,-0.004338402,0.001709535,-0.055115989,0.027360528,0.003289477,-0.020227856,0.005601,-0.002018843,0.001850139,-0.004081638,0.008467451,-0.003076926,0.001635323
0.005921659,-0.013278203,-0.017176857,0.003384098,-0.023288724,-0.011470407,-0.01811175,-0.030409405,0.00186162,-0.020495417,-0.030923054,-0.009901071,-0.008841232,0.001339585,0.010387093,-0.005560719,0,0.00168492,-0.01240326,-0.009852296
-0.018430509,0.015337088,-0.0310234,-0.003384098,-0.011850958,-0.020662987,-0.002614381,-0.009004563,0.00587237,0.007114936,0.010649728,-0.019255513,0.01385849,0.002451255,-0.00233606,0.007407441,-0.012345836,0.001682086,0,-0.003305788
0.027315811,0.027587957,0.007107461,0.016807118,0.030389079,0.016985546,0.022775312,0.023834296,0.01407612,0.043017385,0.027169905,0.024218303,0.0247155,0.023100796,0.001001837,0.016468808,0.016427474,0.085843562,0.023131332,0.029365895
-0.004227759,0.011142177,-0.069526685,-0.010050336,0.024194729,-0.002107482,-0.001024066,-0.009862013,-0.004873601,0.002712786,0.003430535,0.002472189,0.016043934,0.013823114,-0.00066778,-0.010949014,-0.004081638,-0.038254599,-0.006116227,-0.011317825
-0.019179615,-0.016357835,0.005989038,0,0.038428695,-0.002640614,0.007909213,-0.0039722,-0.016005266,0.031007652,0.013605652,-0.003297612,-0.015128882,-0.009916011,0.004997512,-0.005519793,0.020243606,-0.005356199,-0.006153866,0.014528101
0.015757064,0.029332265,0.020927275,0.023295563,0.016476925,0.017820178,0.010868299,0.054224318,0.010800907,0.020793472,0.032571839,0.013940365,0.024097552,0.015477523,0.013861608,0.03978825,0.005994024,0.023355626,0.015314235,0.011155494
0.015647642,0.01242252,-0.003905937,-0.016584128,-0.020959802,0.001038422,-0.01239424,-0.021434495,0.027846836,-0.011317825,-0.025166891,-0.008998016,-0.023183335,-0.010938447,0.006208156,-0.021506205,-0.003992021,-0.010548621,-0.003044142,-0.004765696
0.068731823,0.085724541,0.021376091,0.032897704,-0.007085376,0.095451699,0.01915864,0.011964728,0.054318564,0.016129382,0.003347844,0.052032544,0.032662079,-0.00909885,0.022545238,0.023277685,0.009950331,0.040015731,0.016629257,0.015798117
-0.009370716,-0.012112724,-0.011558966,-0.006493529,0.005157974,0.016838564,-0.00375235,0.008526816,-0.025194576,0.042292912,0.017887194,0.009316838,-0.013056565,0.003909649,-0.017347046,0.021016535,0,0.015167126,-0.001500375,-0.00313972
-0.017972242,-0.022106354,0.040582986,-0.009820046,-0.01620781,-0.000928074,-0.020253857,-0.035529421,-0.010639173,-0.003687773,-0.05049878,-0.034594645,-0.009302393,-0.017494433,-0.019303724,0.330854244,0.00197824,0.059413771,0,-0.012658397
-0.016455902,0.0010987,0.024202759,-0.003294896,0.06024008,-0.036402034,-0.02433462,-0.003917733,-0.0051414,-0.003083567,-0.030145991,-0.012072581,-0.001810501,0.004841559,-0.001984128,0.001759015,-0.003960401,-0.024893578,-0.015128882,-0.007993648
0.001973295,-0.01474953,-0.023505274,0,0.026117488,0.011964728,0.006790311,-0.004918849,-0.010511608,0.006464545,0.021824168,0,-0.012460274,0.011134271,0.001653713,-0.007054703,-0.001986098,0.007725775,0.007593051,0.003205131
-0.023133177,-0.027110094,-0.049875351,-0.016639319,-0.002400962,-1.829426887,-0.021574107,-0.039220713,-0.010172115,-0.044549399,-0.026103775,0.000809389,-0.021639175,0.007785506,-0.027132798,-0.02146773,-0.022111454,-0.060985437,-0.026055114,0.004788517
0,0.018904155,0.007302264,0.006688988,0.038897066,0.013199898,0.004246291,0.013751172,0.00659376,0.019066355,-0.005734783,0.000808734,0.007161793,0.01517934,0.016167412,0.017921627,0.00809721,0.012700196,0.00619197,-0.011209085
0.000672269,-0.005257241,-0.002428168,-0.003338901,-0.041303806,-0.008290708,0.020446322,-0.546543706,-0.000747105,0.037985113,0.024148901,0.003228413,0.017225895,0.028860221,0.001335559,-0.007130155,0.002014099,-0.005568225,0.02889935,0.017558312
-0.024215576,0.020865138,-0.024196382,-0.006711435,-0.018237588,-0.000489836,-0.015163689,-0.013730193,0.024218549,-0.030459207,-0.018414118,-0.000806127,-0.037599582,-0.02737607,-0.015128882,-0.001790511,-0.002014099,-0.017926216,-0.013585115,-0.022400937
1.167847249,-0.185717146,2.042586449,-1.007012244,0,0.426617483,0.847107239,-0.337446342,2.526977864,-0.281857235,-0.985783229,-0.034763992,-0.054030696,0.365815349,2.405707813,-2.547291802,-1.702463247,0.032617918,-1.668021237,0
0.019406752,0.016273429,0.000829837,0.017825784,-0.039629795,0.015384919,0.038978718,-0.006273189,0.044411052,0.011720231,0.095037552,0,0.034109719,-0.026856738,0.017184361,0.037527856,-0.008403411,0.011396135,0.004987542,-0.013889112
0.001444044,0.020651426,0.020073667,0.041528459,0.034846731,0.011636863,0.032470385,0.01420075,-0.003738881,0.002737852,0.095496071,0.012859157,0.001005531,0.011632179,0.02540473,0.094807793,0.033198069,0.015739504,0.037433174,0.006968669
-0.070540141,-0.07818045,-0.091802338,-0.08117329,-0.102321,-0.040549563,-0.096349058,-0.104546158,-0.084209302,-0.105132699,0.036500402,-0.049770201,-0.083454439,-0.104390698,-0.05254296,-0.104058553,-0.052367986,-0.092859198,-0.078047894,-0.083230654
0.013992694,0.007478223,0.024550111,0.043172172,-0.006851949,0.0365173,0.007884404,0.003125979,-0.005393492,-0.014917087,0.09509293,-0.006286505,0.062807235,0.01172041,0.001428062,0.095648075,0.025479085,0.029546919,0.035627178,0.029741969
-0.032433598,-0.055309715,-0.046676458,-0.03220314,-0.057383128,-0.056089467,-0.105425155,-0.094187215,-0.030280137,-0.069818976,-0.105300164,-0.103360515,-0.03941225,-0.051266039,-0.033372702,-0.032620918,-0.025479085,-0.070776993,-0.028742469,-0.082028806
0.00252048,0.00043735,0.018257103,0.003629768,0.062716474,-0.021053409,-0.021892722,0.030397477,0.014256007,-0.002896754,-0.105561703,0.013889112,0.038043324,0.013266744,-0.010754786,-0.040967438,0.00643089,0.013303966,0.010238997,0
-0.035226185,-0.02031872,-0.026184779,-0.018282045,0.016579129,-0.018167304,-0.005631951,-0.007345609,-0.019845925,-0.06994057,-0.105285997,-0.037134221,-0.007217766,-0.036427415,-0.001119194,0.040967438,-0.008583744,0,-0.022318523,-0.007984074
0.013757601,0.027290426,0.028170877,0.011009286,0.085203566,0.014888612,0.052106917,0.057307345,0.033573091,0.019802627,0.013323661,0.038118958,0.043866682,0.047660483,0.002981739,0.052688481,0,0.024861442,0.008643096,0.004000005
-0.032843406,-0.027736755,0.027012799,-0.052446475,0.045614883,-0.029438394,-0.016213994,-0.051959739,-0.021249139,-0.061087692,-0.105360516,0.007843177,-0.009286966,-0.057753084,-0.014243119,-0.030254408,-0.0395656,-0.046490784,-0.051202711,-0.059627115
0.015166793,0.002229655,0.040126504,-0.003853569,-0.015196857,-0.003953691,0.027814688,0.013902905,0.00401876,0.031907903,-0.033225648,0.013579258,0.007634892,0.04974236,0.003767902,-0.003418807,-0.00449439,0.006410278,-0.007272759,0
0.019122281,0.030704166,0.020929716,0.022901764,0.023685318,0.022938069,0.028274778,0.032980681,0.026061181,0.095350964,0.055044695,0.019084549,0.009216655,0.030365369,0.027815626,0.030356462,0.022272636,0.02958982,0.028778965,0.031285137
-0.027666533,-0.020511302,-0.025299174,-0.011385322,-0.007177845,-0.026339432,-0.027028672,-0.029698761,-0.040198071,-0.013963266,0.007168489,-0.006638242,-0.028920081,-0.019433385,-0.00366435,-0.061663367,-0.01107431,-0.018785775,-0.021506205,-0.022846269
-0.021685587,-0.034996842,-0.026242775,-0.031010237,-0.019174141,-0.029388459,-0.057341567,-0.042844572,-0.009365756,-0.025551128,-0.105360516,-0.027002605,-0.027005572,-0.035906138,-0.015911529,-0.047024939,-0.017978012,-0.046580219,-0.023832475,-0.032019811
0,0.006825965,0.023630589,0.007843177,0.076441695,0.004085211,0.026997899,0.012912174,-0.005833922,0.003388398,0.038915416,-0.006866138,0.001385042,0.014192378,0.014074306,0.016529302,0.013513719,0.01185004,0.005550431,0.010787591
0.023993154,0.011274077,-0.033917658,0.00389864,0.019596463,0.008698228,0.014970816,0,0.031006296,0.022989518,0.005076153,0.00490919,0.001037524,0.000812678,0.006963561,0.025181187,0.006688988,0.00457069,0.003683245,-0.008620743
-0.045642341,-0.060064241,-0.048205681,-0.09375497,-0.104081097,-0.047895645,-0.086810207,-0.105285494,-0.000500626,-0.104442663,-0.104891802,-0.087991289,-0.025202594,-0.100468329,-0.027398974,-0.093003783,-0.050124387,-0.097070686,-0.082343146,-0.104879631
-0.001207001,-0.010531452,-0.020800996,-0.017241806,-0.030750629,0.014432,0.006872879,0.022989518,-0.023816682,-0.049363723,-0.020834087,-0.02710193,0.032778388,0.001794796,-0.029329849,0.058673402,0.018519048,0.000717618,-0.016096927,-0.019418086
0,-0.025342487,-0.039925041,-0.035401927,-0.105283412,0.007138638,-0.058166174,-0.055004448,-0.024222638,-0.082857912,-0.104829025,0.008752791,-0.027122664,0.012474174,-0.024653959,-0.048974005,-0.009216655,-0.017366572,-0.049906406,-0.050261835
0.034424764,0.047708397,0.034318132,0.026668247,-0.077732349,0.0440651,0.058166174,0.02976183,0.029507792,0.085745305,0.019990145,0.035316672,0.037361661,0.035376261,0.024267336,0.005774799,0.013793322,0.056752817,0.025264502,0.042881727
-0.011062801,-0.002355714,-0.042107007,-0.013245227,-0.105360516,0.009596461,-0.023913806,-0.009822519,-0.002042554,-0.015008754,-0.030674007,-0.004214969,-0.018852315,0.017789542,-0.025060043,-0.053214525,-0.018433702,-0.018796237,-0.038140216,-0.022472856
0.025953877,0.011723464,0.039813667,0.017621601,0,-0.005633818,0.095278293,0.029919958,0.01538622,0.070617567,0.037939218,0.017792201,0.034016885,0.03194984,0.014955021,0.002022245,0.006952519,0.025669117,0.021368334,0.024938948
-0.004114216,0.005578815,-0.010596543,-0.004376375,-0.018692133,0.023451661,0.050974366,-0.003691403,-0.000335627,0.003629768,-0.009350717,-0.026275815,0.009652263,-0.002442666,-0.001563722,-0.022472856,-0.013953715,-0.008943988,0.002111933,0.002460026
0.004278433,0.004163781,0.03227593,0.013072082,0.018692133,0.002755582,0.009650256,0.024836923,-0.00083956,0.039952051,0.036889429,0.044775829,0.000331181,0.013495481,0.015913396,0.012320484,0.013953715,0.010996674,0.010493276,0.012210164
-0.004938282,-0.022882156,-0.008409443,-0.004338402,-0.020580708,0.001649712,-0.02000673,0.008620743,0.006196118,0.004775351,0.094944282,-0.012295237,-0.009314771,-0.020585776,0.005759279,0.006103783,0.002306806,-0.031241694,-0.006282743,-0.019608471
-0.01028372,-0.014751636,0.008511562,0,-0.036577706,-0.012161565,0.018204386,-0.021692825,-0.022112472,0.006044923,0.095060627,-0.025053502,0.015586454,-0.00027371,0.027192008,-0.02049252,-0.009259325,-0.014204784,-0.014815086,-0.007453451
0.022583998,0.028823162,0.045609861,0.09531018,0.056232059,0.019279033,0.02757773,0.034486176,0.022446306,0.03219253,0.095158905,0.044451763,0.020196126,0.036817271,0.014058685,0.032589442,0.025259667,0.059024419,0.035605855,0.039124794
0.002279389,0.004183134,-0.004791951,0.046340337,0.046182946,0.015160009,0.029680899,0.006335818,-0.002004678,0.00124974,0.095172638,-0.00914176,-0.012329812,-0.002377494,0.024316204,0.013930574,0.009029407,0.012064489,0.010235504,0.016647233
-0.010627093,-0.005115101,0.018165539,-0.015209419,-0.019661044,-0.0086347,-0.031144386,-0.004924386,-0.019077138,-0.001666667,0.037791272,0.030153038,-0.002615235,-0.001058481,0.003579102,0.003944778,-0.00224972,-0.004005346,0.095125012,0.007050558
-0.008915364,-0.001866543,-0.011521646,-0.007692346,0.003603608,0.013459153,-0.007054703,-0.004948755,0.003742774,-0.004178861,-0.009983444,0.020578874,0.006200052,0.007123101,-0.006811283,-0.00790518,-0.009049836,0.009983444,0.00554018,-0.002344667
0.013343415,0.014375392,0.017376632,0.019121041,0.02311214,0.013807973,0.013187004,0.077039784,0.017339042,0.025631829,0.007330923,0,0.000975451,0.008898253,0.018179078,0.063421826,0.020248161,0.031293297,0.005509656,0.041385216
-0.016332954,0.023658974,-0.004988977,-0.015267472,-0.002639685,-0.017558312,-0.024161458,-0.018543578,0.026026836,-0.021870069,-0.054583807,-0.009746666,-0.009797596,-0.018672469,-0.016382133,0.001860466,-0.002229655,-0.02206449,-0.016620881,-0.022780028
0.000831324,0.006721961,-0.010539136,0.003838776,0.034635497,-0.003764457,0.003869628,0.034168896,-0.006688988,0.003331948,0.019445057,-0.001960785,-0.017881271,0.011875057,0.013906446,0.007407441,0.00445435,0.011741818,0,0.025029748
-0.054122621,-0.073661444,-0.077688366,-0.083881484,-0.104887814,-0.04518675,-0.105162476,-0.098350974,-0.056917718,-0.104667755,-0.105054892,-0.075392106,-0.061313967,-0.102682514,-0.012112724,-0.064784554,-0.050124387,-0.08524428,-0.087519378,-0.089261097
0,0.009569451,0.012423817,0.016529302,-0.045440393,0.010095431,0.029270382,0.020459267,0.019561365,-0.001386002,-0.056574394,-0.018153195,0.018303925,-0.010226532,0.00286328,0.029100016,0.018519048,0.016112433,0.012121361,0.009780029
-0.035718083,-0.057830909,-0.057439205,-0.03333642,-0.10525062,-0.028872654,-0.022691411,0.043054138,-0.026516705,-0.051220299,-0.104731952,0,0,-0.061781679,-0.028272996,-0.03107046,-0.002296212,-0.007673564,-0.018237588,-0.022141126
0.003629768,0.015022816,0.012992158,0.03333642,0.016349138,0.026078575,0.027487583,0.08768005,0.032446413,0.034436688,0.094983702,0.022377066,-0.005342844,0.031367885,0.004035962,0.011764842,0.013698844,0.070951736,0.022245609,0.014815086
0.038732857,0.041855258,0.041017224,0.040166042,0.049562067,0.0324829,0.048866109,0.038466281,0.055044695,0.045044379,0.095681168,0.037232843,0.035780737,0.052488462,0.045104281,0.058673402,0.031252544,0.050249044,0.058268908,0.040821995
-0.006644543,0.01513747,-0.002710594,-0.00790518,0.013285837,-0.000541859,-0.013455861,0.004118864,0.022916846,-0.010845113,-0.024785347,0.008089023,-0.016328311,-0.013302683,0.007323485,-0.012951152,0,-0.012484557,0.014981554,0.002350177
0.0104713,0.023202897,-0.031711656,0.00790518,-0.088027121,0.01719548,-0.016452334,-0.027986346,0.031680337,0.006791966,0.076820206,0.032692362,-0.047704939,-0.057209789,-0.016465602,0.003717476,0.030305349,0.005012542,0.027499441,0.025493849
0.007092842,0.032493833,0.022903797,0.007843177,0.095108587,0.009016237,-0.006279455,0.015578506,-0.01617615,0.03459325,0.09531018,-0.00195122,0.006591016,0.024361741,0.027179373,0.038221213,0.002129926,-0.001250782,0.001806685,-0.002290952
0.003269945,-0.018826195,0,-0.003913899,0.095126879,0.005791014,-0.01683381,-0.03509132,0.000768935,-0.004806651,-0.0115906,-0.012776587,0.028069493,0.039810653,-0.016288698,-0.003577821,0.004246291,0.011201113,-0.0108894,-0.002296212
-0.019431562,-0.015504187,-0.006869248,-0.023810649,0.017265308,-0.014807251,-0.023332231,-0.03828519,-0.000768935,-0.029786599,-0.097904215,-0.00994044,-0.015376666,-0.01573459,-0.025837572,-0.049596941,-0.017094433,-0.009950331,-0.014706147,-0.006920443
0.001925265,0.016408755,-0.011197131,-0.00806456,0.005390849,0.065969303,-0.015196857,-0.014175495,0.019802627,-0.015461881,0.014888612,0.037259212,-0.000360425,-0.006186498,0.002506716,-0.024786779,-0.019587133,-0.029815085,-0.01492565,-0.023420274
-0.002801613,0.006309169,-0.034363894,-0.008130126,-0.049596941,-0.003497381,0.00597413,0.040068953,-0.014585491,-0.004133186,0.033901552,-0.009671255,0.003239161,-0.011890747,0.000715052,0,0.006571765,0.026685192,-0.007547206,0.004728141
0.027157251,0.012500163,0.035971181,0.028170877,0.095138962,0.014903406,0.03671031,0.055182231,-0.016511447,0.03615396,0.065176073,0.024004993,0.026942431,0.058370465,0,0.01532597,0.006528859,0.013698844,0.031689511,0.014051753
0.016249511,0.003100778,0.011708489,-0.011976191,0,-0.021935077,-0.008971544,-0.018458398,-0.016788658,0.000887312,-0.05233372,0.005676458,-0.024430318,0.004222385,0.001736413,-0.01339733,-0.002171554,-0.009944147,-0.007366516,0
-0.001007895,-0.003544532,-0.015462851,-0.00402415,-0.014661755,0,-0.021471222,-0.028033524,-0.004758137,0.035718083,-0.023786375,-0.038466281,-0.001075847,-0.010447646,-0.005218311,0.003846159,0.017241806,0.004984434,0.009199697,0.013857035
0.007534569,0.016289156,0.036924026,0.016000341,0.008650573,0.009031672,0.044694788,0.031033826,0.022013468,0.025767001,0.044391956,0.025170738,0.030042903,0.05387299,0.024462891,0.007648221,0,0.032408828,0.009115833,0.011402632
0.014078907,0.021599112,0.033107174,0.019646997,0.06824611,0.010929071,0.037344256,0.018403606,-0.004676548,0.021861048,0.018899227,0.021750266,0.017601835,0.030983546,-0.000680967,0.022599832,0.002134473,0.019661044,0.009033485,-0.004545462
0.001314925,-0.000855066,0.047548818,0.011605546,0.031673273,-0.009431691,0.015033356,0.004694844,0.026063624,0.01498307,0.01728043,0.007455766,0.012578782,0.008568143,0.002041511,0.012951152,0,0.095578312,0.035339366,0.029182767
-0.005930825,0.012749854,-0.01095217,-0.015504187,-0.002341008,0.003982086,0.057407065,-0.004106782,-0.003354684,0.028137382,0.095540887,-0.002789402,-0.014290818,0,-0.004770026,-0.020427823,-0.006417134,-0.036030098,-0.015748357,-0.008888947
0.001650983,-0.000422386,0.001544402,0,-0.063705535,0.007916914,-0.018197829,-0.00945075,0.003811271,0.008172842,-0.011017798,0.010189991,0,-0.004404723,0.001024066,0.003745323,0,0.019813527,0.0226688,0.006674107
-0.022859092,0.025856319,-0.01663058,-0.015748357,-0.072508023,-0.00891095,-0.015907783,-0.041811604,-0.003353151,-0.016019096,-0.060078124,-0.017666661,-0.000342759,-0.013068665,0,-0.020775063,-0.026088436,-0.052584821,-0.027973852,-0.024692613
0.013078657,0.009424368,-0.011540297,0.031252544,0.004466287,0.000497141,-0.000875018,0,0.017704934,0.016019096,0.011083857,-0.000938527,0.002054795,0.004462535,0.019260606,-0.00191022,0,0.004584535,0.005305052,-0.011428696
0.004487666,0.025368785,-0.003080136,-0.015504187,0,0.026000974,-0.012331337,0.003705996,0.020487652,0.011177607,-0.03998034,0.004683849,0.006139173,-0.018504361,-0.019260606,-0.005752652,0,-0.024306752,-0.003533573,-0.009237941
-0.015037877,-0.028227681,-0.028156661,-0.015748357,-0.047735312,0.011555256,-0.026644294,0.00184786,-0.030285003,-0.003455561,0.012666414,0.001867414,-0.007508568,-0.019669232,-0.003417638,-0.013552966,0,0.003508776,-0.019661044,-0.018735911
0.026579638,0.01662987,0.033911787,0.019646997,0.042444294,0.010949883,0.087112505,0.033881039,0.020687291,0.028437935,0.02424738,0.030319272,0.030698987,0.043137679,0.01292535,0.025025368,0.04099819,0.031602745,0.023194617,0.027973852
0.004905979,-0.008483186,0.008178594,-0.00781254,0.017528933,-0.000473597,-0.00585694,0.004747783,-0.008941937,0.034175657,-0.002460026,-0.004535155,-0.008675396,-0.003655357,0.016756424,-0.00190295,0.006322466,0.0067644,0.00352113,0.009153382
